site_id,service_id
10103,7
10103,10
10103,15
10103,4
10103,2
10103,3
10104,4
10105,7
10105,4
10105,2
10105,3
10107,4
10108,4
10111,7
10111,4
10111,3
10116,4
10116,5
10117,4
10120,7
10120,4
10120,5
10120,9
10120,3
10124,7
10124,4
10124,2
10124,3
10128,7
10128,4
10128,3
10135,7
10135,4
10135,3
10140,7
10140,4
10140,3
10142,7
10142,10
10142,15
10142,4
10142,2
10142,3
10145,4
10146,7
10146,4
10146,2
10146,3
10151,7
10151,4
10151,2
10151,3
10154,4
10154,5
10155,7
10155,4
10155,3
10156,7
10156,4
10156,3
10157,7
10157,12
10157,4
10157,3
10158,4
10169,7
10169,4
10169,3
10171,7
10171,4
10171,2
10171,5
10171,3
10172,7
10172,4
10172,2
10172,3
10189,7
10189,4
10189,2
10189,3
10191,7
10191,4
10191,2
10191,3
10195,7
10195,4
10195,3
10198,4
10198,5
10199,4
10199,5
10201,7
10201,4
10201,3
10206,4
10208,4
10210,7
10210,10
10210,15
10210,4
10210,3
10212,7
10212,4
10212,5
10212,3
10213,7
10213,10
10213,15
10213,4
10213,3
10216,4
10224,4
10226,4
10228,7
10228,4
10228,2
10228,3
10229,7
10229,4
10229,3
10230,7
10230,12
10230,10
10230,15
10230,4
10230,3
10234,7
10234,4
10234,2
10234,3
10235,7
10235,10
10235,15
10235,4
10235,2
10235,3
10237,7
10237,4
10237,3
10238,7
10238,4
10238,3
10243,4
10245,4
10246,7
10246,4
10246,3
10248,7
10248,4
10248,5
10248,3
10250,4
10252,7
10252,4
10252,3
10254,7
10254,4
10254,2
10254,3
10255,4
10257,7
10257,4
10257,3
10260,7
10260,4
10260,2
10260,3
10264,7
10264,4
10264,2
10264,3
10265,7
10265,4
10265,6
10265,9
10265,3
10266,7
10266,4
10266,2
10266,3
10269,7
10269,4
10269,3
10270,7
10270,4
10270,3
10271,7
10271,4
10271,3
10276,4
10279,7
10279,4
10279,3
10280,7
10280,4
10280,3
10282,7
10282,4
10282,2
10282,3
10284,4
10287,4
10289,7
10289,4
10289,2
10289,3
10290,3
10291,7
10291,4
10291,2
10291,3
10292,7
10292,4
10292,5
10292,3
10295,7
10295,12
10295,4
10295,2
10295,3
10296,7
10296,4
10296,2
10296,3
10299,7
10299,4
10299,5
10299,3
10302,4
10303,7
10303,4
10303,2
10303,3
10304,7
10304,4
10304,2
10304,3
10306,7
10306,4
10306,3
10308,7
10308,10
10308,15
10308,4
10308,2
10308,5
10308,3
10311,4
10311,2
10311,3
10317,4
10317,3
10318,4
10318,3
10320,7
10320,4
10320,3
10323,7
10323,3
10328,4
10329,4
10331,4
10332,7
10332,4
10332,2
10332,3
10333,7
10333,4
10333,3
10336,4
10339,4
10344,7
10344,4
10344,2
10344,3
10346,4
10347,7
10347,4
10347,3
10350,11
10350,7
10350,4
10350,6
10350,5
10350,9
10350,3
10351,7
10351,4
10351,3
10355,4
10356,7
10356,4
10356,2
10356,3
10357,4
10359,7
10359,4
10359,2
10359,3
10364,4
10367,7
10367,4
10367,2
10367,5
10367,3
10368,7
10368,4
10368,2
10368,5
10368,3
10369,4
10372,7
10372,4
10372,3
10373,7
10373,4
10373,3
10374,7
10374,4
10374,3
10377,4
10378,7
10378,4
10378,3
10380,4
10383,7
10383,4
10383,5
10383,9
10383,3
10387,4
10390,4
10391,4
10391,3
10392,4
10393,7
10393,4
10393,2
10393,5
10393,9
10393,3
10394,7
10394,10
10394,15
10394,4
10394,3
10395,4
10396,4
10396,3
10397,4
10397,5
10400,7
10400,4
10400,5
10400,9
10403,7
10403,4
10403,3
10407,4
10407,5
10420,4
10426,7
10426,4
10426,2
10426,3
10428,11
10428,7
10428,4
10428,5
10428,3
10430,4
10432,4
10432,5
10432,3
10435,7
10435,4
10435,2
10435,3
10437,7
10437,4
10437,2
10437,3
10440,11
10440,7
10440,4
10440,3
10441,7
10441,4
10441,3
10442,4
10442,3
10443,7
10443,4
10443,2
10443,5
10443,3
10444,7
10444,4
10444,2
10444,5
10444,9
10444,3
10445,4
10450,4
10452,7
10452,4
10452,5
10452,3
10453,7
10453,4
10453,5
10453,3
10454,7
10454,2
10454,3
10456,4
10456,3
10457,7
10457,4
10457,2
10457,3
10458,7
10458,4
10458,2
10458,3
10459,4
10459,5
10459,3
10460,7
10460,4
10460,2
10460,5
10460,3
10461,7
10461,4
10461,3
10462,7
10462,4
10462,3
10464,7
10464,12
10464,4
10464,3
10465,4
10466,7
10466,4
10466,3
10467,7
10467,4
10467,2
10467,3
10468,4
10468,5
10469,7
10469,4
10469,3
10486,4
10486,5
10487,4
10491,4
10492,4
10494,4
10498,4
10498,5
10498,3
10499,4
10503,7
10503,4
10503,2
10503,3
10504,7
10504,4
10504,2
10504,3
10505,7
10505,4
10505,3
10506,4
10510,7
10510,3
10510,4
10510,2
10510,5
10511,7
10511,4
10511,2
10511,3
10518,7
10518,10
10518,15
10518,4
10518,3
10519,4
10521,7
10521,4
10521,2
10521,3
10522,7
10522,4
10522,3
10525,7
10525,4
10525,12
10525,2
10525,3
10526,4
10526,5
10530,7
10530,4
10530,3
10535,7
10535,2
10535,3
10543,4
10543,5
10553,7
10553,4
10553,3
10565,4
10567,7
10567,4
10567,3
10573,11
10573,7
10573,15
10573,10
10573,4
10573,5
10573,3
10585,4
10601,7
10601,10
10601,15
10601,4
10601,2
10601,5
10601,3
10603,7
10603,4
10603,3
10610,7
10610,10
10610,15
10610,4
10610,2
10610,5
10610,3
10615,7
10615,4
10615,3
10617,4
10622,7
10622,4
10622,3
10626,7
10626,4
10626,2
10626,3
10629,4
10629,5
10650,4
10650,5
10650,9
10653,7
10653,10
10653,15
10653,4
10653,2
10653,3
10656,7
10656,10
10656,15
10656,4
10656,2
10656,3
10659,4
10659,5
10659,9
10663,4
10663,6
10663,5
10663,9
10666,7
10666,10
10666,15
10666,4
10666,2
10666,5
10666,3
10667,7
10667,4
10667,2
10667,3
10670,7
10670,4
10670,2
10670,3
10674,7
10674,4
10674,2
10674,5
10674,3
10677,7
10677,4
10677,2
10677,3
10689,4
10689,5
10690,7
10690,4
10690,3
10692,7
10692,10
10692,15
10692,4
10692,2
10692,3
10694,7
10694,4
10694,3
10697,4
10697,5
10701,4
10701,5
10705,7
10705,4
10705,3
10708,7
10708,4
10708,2
10708,3
10724,7
10724,4
10724,5
10724,3
10725,7
10725,4
10725,5
10725,3
10729,7
10729,4
10729,3
10732,7
10732,4
10732,5
10732,3
10737,4
10737,5
10742,7
10742,4
10742,3
10747,4
10747,5
10749,4
10749,5
10750,7
10750,4
10750,3
10760,7
10760,4
10760,3
10765,7
10765,4
10765,2
10765,3
10766,4
10766,5
10770,10
10770,15
10770,4
10770,3
10771,7
10771,4
10771,3
10774,11
10774,7
10774,10
10774,15
10774,4
10774,6
10774,5
10774,3
10776,7
10776,4
10776,3
10777,4
10777,5
10779,7
10779,4
10779,3
10781,4
10781,5
10783,7
10783,4
10783,2
10783,3
10785,7
10785,4
10785,2
10785,3
10790,7
10790,4
10790,2
10790,3
10791,4
10791,5
10799,7
10799,4
10799,3
10801,7
10801,4
10801,2
10801,3
10802,7
10802,4
10802,2
10802,3
10807,7
10807,12
10807,4
10807,2
10807,5
10807,3
10809,7
10809,4
10809,2
10809,5
10809,3
10813,7
10813,4
10813,2
10813,3
10815,7
10815,10
10815,15
10815,4
10815,5
10815,3
10817,7
10817,4
10817,2
10817,3
10819,7
10819,4
10819,2
10819,3
10820,7
10820,4
10820,2
10820,3
10821,7
10821,4
10821,2
10821,3
10822,7
10822,4
10822,3
10828,7
10828,10
10828,15
10828,4
10828,3
10833,7
10833,4
10833,2
10833,3
10842,7
10842,4
10842,2
10842,3
10843,7
10843,4
10843,3
10844,11
10844,7
10844,10
10844,15
10844,4
10844,5
10844,3
10845,7
10845,10
10845,15
10845,4
10845,2
10845,5
10845,3
10846,7
10846,4
10846,2
10846,3
10847,7
10847,4
10847,5
10847,3
10848,7
10848,4
10848,3
10850,7
10850,4
10850,2
10850,3
10852,7
10852,4
10852,2
10852,3
10853,7
10853,10
10853,15
10853,4
10853,3
10855,7
10855,4
10855,2
10855,3
10860,7
10860,10
10860,15
10860,4
10860,3
10861,7
10861,4
10861,2
10861,5
10861,3
10865,11
10865,7
10865,10
10865,15
10865,4
10865,3
10870,7
10870,4
10870,3
10873,4
10875,7
10875,4
10875,5
10875,3
10876,7
10876,4
10876,2
10876,3
10878,4
10883,4
10883,9
10883,3
10886,4
10886,5
10893,7
10893,4
10893,2
10893,5
10893,3
10894,7
10894,4
10894,2
10894,3
10895,4
10896,7
10896,4
10896,2
10896,5
10896,3
10898,4
10898,5
10903,11
10903,4
10903,9
10903,3
10909,11
10909,10
10909,15
10909,4
10909,5
10909,9
10909,3
10918,11
10918,4
10918,5
10918,9
10918,3
10929,11
10929,4
10929,5
10929,9
10929,3
10930,4
10932,4
10933,4
10934,11
10934,4
10934,5
10934,9
10934,3
10939,11
10939,4
10939,5
10939,9
10939,3
10940,7
10940,4
10940,3
10949,4
10949,6
10949,5
10949,9
10949,3
10960,11
10960,4
10960,5
10960,9
10960,3
10962,7
10962,4
10962,3
10963,7
10963,4
10963,5
10963,3
10966,7
10966,10
10966,15
10966,4
10966,6
10966,5
10966,9
10966,3
10967,4
10968,11
10968,4
10968,5
10968,9
10968,3
10969,7
10969,4
10969,3
10970,11
10970,7
10970,4
10970,3
10971,7
10971,12
10971,3
10971,4
10971,5
10972,7
10972,3
10972,12
10972,4
10974,4
10981,4
10984,4
10987,4
10987,5
10988,4
21209,7
21209,1
21209,2
21209,13
21225,7
21225,1
21225,2
21225,13
21273,7
21273,1
21273,2
21273,13
21301,13
21301,5
21301,9
21302,13
21302,5
21313,7
21313,1
21313,2
21313,13
21314,7
21314,1
21314,10
21314,2
21314,13
21314,14
21349,7
21349,1
21349,2
21349,13
21350,7
21350,6
21350,2
21350,13
21350,5
21352,7
21352,1
21352,2
21352,13
21405,7
21405,1
21405,2
21405,13
21469,7
21469,1
21469,2
21469,13
21507,7
21507,2
21507,13
21510,7
21510,2
21510,13
21520,7
21520,2
21520,13
21520,5
21535,7
21535,1
21535,2
21535,13
22123,10
22123,13
22123,5
22123,9
22171,10
22171,13
22181,13
22182,7
22182,10
22182,2
22182,13
22182,5
22183,7
22183,1
22183,2
22183,13
22184,7
22184,10
22184,13
22185,7
22185,1
22185,10
22185,2
22185,13
22186,7
22186,10
22186,13
22186,14
22189,7
22189,13
22189,14
22189,11
22190,7
22190,13
22191,7
22191,1
22191,2
22191,13
22191,5
22215,7
22215,1
22215,2
22215,13
22245,7
22245,1
22245,8
22245,2
22245,13
22279,7
22279,1
22279,2
22279,13
22348,7
22348,1
22348,2
22348,13
22457,6
22457,13
22457,5
22457,9
22602,7
22602,2
22602,13
22604,7
22604,2
22604,13
22605,7
22605,1
22605,6
22605,13
22605,5
22605,9
22606,7
22609,7
22609,2
22609,13
22616,7
22616,2
22616,13
22618,7
22618,1
22618,2
22618,13
22621,1
22621,2
22621,13
22624,7
22624,1
22624,2
22624,13
22629,7
22629,1
22629,2
22629,13
22630,7
22630,1
22630,2
22630,13
22631,7
22631,1
22631,2
22631,13
22633,7
22633,2
22633,13
22636,7
22636,2
22636,13
22637,7
22637,1
22637,2
22637,13
22639,7
22639,2
22639,13
22644,7
22644,2
22644,13
22645,7
22645,1
22645,2
22645,13
22647,7
22647,1
22647,2
22647,13
22650,7
22650,1
22650,2
22650,13
22651,7
22651,1
22651,2
22651,13
22654,7
22654,2
22654,13
22654,5
22654,9
22657,7
22657,2
22657,13
22658,7
22658,1
22658,2
22658,13
22662,7
22662,13
22662,5
22662,9
22667,7
22667,1
22667,2
22667,13
22668,7
22668,1
22668,2
22668,13
22668,5
22669,2
22669,13
22670,7
22670,1
22670,2
22670,13
22673,7
22673,1
22673,2
22673,13
22682,7
22682,1
22682,2
22682,13
22683,7
22683,1
22683,2
22683,13
22684,7
22684,6
22684,2
22684,13
22684,5
22684,9
22685,7
22685,2
22685,13
22689,7
22689,13
22689,14
22691,7
22691,2
22691,13
22691,5
22691,9
22694,7
22694,1
22694,2
22694,13
22701,7
22701,2
22701,13
22711,7
22711,1
22711,2
22711,13
22714,7
22714,1
22714,2
22714,13
22715,7
22715,1
22715,2
22717,7
22717,2
22717,13
22723,7
22723,2
22723,13
22724,7
22724,1
22724,2
22724,13
22726,7
22726,1
22726,10
22726,2
22726,13
22726,5
22733,7
22733,1
22733,2
22733,13
22734,7
22734,2
22734,13
22734,5
22737,7
22737,2
22737,13
22738,7
22738,1
22738,2
22738,13
22739,7
22739,1
22739,2
22739,13
22740,7
22740,1
22740,2
22740,13
22745,7
22745,1
22745,2
22745,13
22747,7
22747,2
22747,13
22747,5
22749,7
22749,1
22749,2
22749,13
22749,5
22753,7
22753,1
22753,2
22753,13
22757,7
22757,2
22757,13
22758,7
22758,2
22763,2
22763,13
22765,7
22765,1
22765,2
22765,13
22766,7
22766,1
22766,2
22766,13
22767,7
22767,1
22767,2
22767,13
22770,7
22770,1
22776,7
22776,1
22776,2
22776,13
22781,7
22781,1
22781,2
22781,13
22783,7
22783,1
22783,2
22783,13
22790,7
22790,2
22790,13
22795,7
22795,1
22795,2
22795,13
22797,7
22797,1
22797,2
22797,13
22798,7
22798,1
22798,2
22798,13
22802,7
22802,1
22802,2
22802,13
22803,7
22803,1
22803,2
22803,13
22810,7
22810,2
22810,13
22815,7
22815,2
22815,13
22821,7
22821,1
22821,2
22821,13
22821,14
22827,7
22827,2
22827,13
22828,7
22828,1
22828,2
22828,13
22828,5
22831,7
22831,1
22831,2
22837,7
22837,1
22837,2
22837,13
22839,7
22839,2
22839,13
22840,7
22840,2
22840,13
22840,14
23117,7
23117,1
23117,2
23117,13
23131,7
23131,1
23131,13
23185,7
23185,1
23185,2
23185,13
23391,7
23391,1
23391,2
23391,13
23425,7
23425,1
23425,2
23425,13
23509,7
23509,1
23509,10
23509,13
23509,14
23611,7
23611,1
23611,10
23611,2
23611,13
23645,7
23645,1
23645,10
23645,2
23645,13
23649,7
23649,1
23649,2
23649,13
23649,5
23653,7
23653,1
23653,2
23653,13
24209,7
24209,2
24209,13
24290,7
24290,1
24290,2
24290,5
24290,9
24297,7
24297,1
24297,2
24297,13
24298,7
24298,1
24298,2
24298,13
24364,10
24364,13
24364,5
24364,9
24389,7
24389,13
24477,7
24477,1
24477,2
24477,13
24477,5
24503,7
24503,2
24503,13
24541,7
24541,1
24541,2
24541,13
24542,7
24542,10
24542,13
24573,7
24573,2
24587,7
24587,1
24587,2
24587,13
24625,7
24625,1
24625,2
24625,13
24643,7
24643,1
24643,2
24643,13
24669,7
24669,1
24669,2
24669,13
24669,5
24731,7
24731,10
24731,2
24731,13
24731,5
25101,4
25101,5
25102,4
25102,5
25103,4
25103,5
25104,4
25104,5
25105,4
25105,5
25106,4
25106,5
25107,4
25107,5
25108,4
25108,5
25109,4
25109,5
25110,4
25110,5
25111,4
25111,5
25112,4
25112,5
25113,4
25113,5
25114,4
25114,5
25115,4
25115,5
25116,4
25116,5
25117,4
25117,5
25118,4
25118,5
25119,4
25119,5
25120,4
25120,5
25122,4
25122,5
25123,4
25123,5
25124,4
25124,5
25125,4
25125,5
25126,4
25126,5
25127,4
25127,5
25128,4
25128,5
25129,4
25129,5
25130,4
25130,5
25131,4
25131,5
25132,4
25132,5
25133,4
25133,5
25134,4
25134,5
25135,4
25135,5
25136,4
25136,5
25137,4
25137,5
25138,4
25138,5
25140,4
25140,5
25141,4
25141,5
25142,4
25142,5
25143,4
25143,5
25144,4
25144,5
25147,4
25147,5
25148,4
25148,5
25150,4
25150,5
25151,4
25151,5
25152,4
25152,5
25153,4
25153,5
25154,4
25154,5
25155,4
25155,5
25157,4
25157,5
25158,4
25158,5
25159,4
25159,5
25161,4
25161,5
25162,4
25162,5
25163,4
25163,5
25166,4
25166,5
25167,4
25167,5
25168,4
25168,5
25169,4
25169,5
25170,4
25170,5
25171,4
25171,5
25172,4
25172,5
25173,4
25173,5
25174,4
25174,5
25175,4
25175,5
25176,4
25176,5
25177,4
25177,5
25178,4
25178,5
25180,4
25180,5
25181,4
25181,5
25182,4
25182,5
25183,4
25183,5
25184,4
25184,5
25185,4
25185,5
25186,4
25186,5
25187,4
25187,5
25188,4
25188,5
25189,4
25189,5
25190,4
25190,5
25194,4
25194,5
25195,4
25195,5
25196,4
25196,5
25197,4
25197,5
25198,4
25198,5
25200,4
25200,5
25201,4
25201,5
25202,4
25202,5
25203,4
25203,5
25204,4
25204,5
25205,4
25205,5
25206,4
25206,5
25207,4
25207,5
25208,4
25208,5
25209,4
25209,5
25210,4
25210,5
25211,4
25211,5
25212,4
25212,5
25213,4
25213,5
25214,4
25214,5
25215,4
25215,5
25218,4
25218,5
25220,4
25220,5
25221,4
25221,5
25229,4
25229,5
25230,4
25230,5
25239,4
25239,5
25240,5
25241,13
25241,5
25242,5
25243,4
25243,5
25801,4
25801,5
25802,4
25802,5
25803,4
25803,5
25805,4
25805,5
25805,13
25807,4
25807,5
25808,4
25808,5
25809,4
25809,5
25813,4
25813,5
25814,4
25814,5
25815,4
25815,5
25816,4
25816,5
25818,4
25818,5
25821,4
25821,5
25822,4
25822,5
25825,4
25825,5
25840,4
25840,5
25841,4
25841,5
25842,4
25842,5
25843,4
25843,5
25849,4
25849,5
25850,4
25850,5
25859,4
25859,5
25861,4
25861,5
25869,4
25869,5
25883,4
25883,5
25884,4
25884,5
25885,4
25885,5
25886,4
25886,5
25914,4
25914,5
25917,4
25917,5
25918,4
25918,5
25922,4
25922,5
25923,4
25923,5
25925,4
25925,5
25932,4
25932,5
25933,4
25933,5
25934,4
25934,5
25937,4
25937,5
25939,4
25939,5
25950,4
25950,5
25951,4
25951,5
25952,4
25952,5
25959,4
25959,5
25961,4
25961,5
25966,4
25966,5
25970,4
25970,5
25971,4
25971,5
25972,4
25972,5
25973,4
25973,5
25974,4
25974,5
25976,4
25976,5
25977,4
25977,5
25978,4
25978,5
25979,4
25979,5
25980,4
25980,5
25981,4
25981,5
25982,4
25982,5
25983,4
25983,5
25984,4
25984,5
25987,4
25987,5
25989,4
25989,5
25992,4
25992,5
25993,4
25993,5
26105,7
26105,1
26105,2
26105,13
26107,7
26107,1
26107,2
26107,13
26107,5
26113,7
26113,1
26113,2
26113,13
26114,7
26114,1
26114,2
26114,13
26119,7
26119,1
26119,2
26119,13
26119,5
26119,9
26120,7
26120,2
26120,13
26120,14
26124,7
26124,1
26124,2
26124,13
26128,7
26128,2
26128,13
26128,5
26128,9
26139,7
26139,1
26139,2
26139,13
26141,7
26141,1
26141,2
26141,13
26145,7
26145,1
26145,2
26145,13
26145,5
26202,2
26205,7
26205,2
26205,13
26205,5
26205,9
26209,7
26209,1
26209,2
26209,13
26210,2
26210,13
26215,7
26215,1
26215,2
26215,13
26217,7
26217,1
26217,2
26217,13
26221,7
26221,1
26221,2
26221,13
26224,13
26224,5
26224,9
26226,7
26226,1
26226,2
26226,13
26227,7
26227,2
26227,13
26227,5
26232,7
26232,2
26232,13
26233,7
26233,1
26233,2
26233,13
26236,7
26236,1
26236,2
26236,13
26238,7
26238,2
26238,13
26238,5
26238,14
26240,13
26240,5
26307,7
26307,2
26307,13
26308,7
26308,1
26308,2
26308,13
26312,7
26312,1
26312,2
26312,13
26314,7
26314,1
26314,2
26314,13
26318,7
26318,2
26318,13
26320,7
26320,1
26320,2
26320,13
26323,2
26323,5
26323,9
26330,7
26330,1
26330,2
26330,13
26332,7
26332,1
26332,2
26332,13
26333,7
26333,2
26333,13
26335,2
26335,13
26336,7
26336,1
26336,2
26336,13
26337,7
26337,1
26337,2
26337,13
26340,7
26340,6
26340,10
26340,13
26340,5
26340,9
26341,6
26341,13
26341,5
26341,9
26342,13
26342,14
26345,7
26345,1
26345,2
26345,13
26348,7
26348,1
26348,2
26348,13
26405,7
26405,1
26405,2
26405,13
26407,7
26407,1
26407,2
26407,13
26408,7
26408,2
26408,13
26410,7
26410,2
26410,13
26416,7
26416,2
26416,13
26416,5
26418,2
26423,7
26423,13
26424,7
26424,1
26424,2
26424,13
26425,7
26425,1
26425,2
26425,13
26428,7
26428,2
26428,13
26435,7
26435,2
26435,13
26506,13
26506,5
26506,9
26515,7
26515,1
26515,10
26515,2
26515,13
26523,7
26523,2
26523,13
26533,6
26533,10
26533,13
26533,5
26533,9
26541,7
26541,1
26541,10
26541,2
26541,13
26542,10
26542,13
26542,14
26543,7
26543,1
26543,2
26543,13
26609,7
26609,1
26609,2
26609,13
26610,7
26610,1
26610,2
26610,13
26617,7
26617,1
26617,2
26617,13
26623,7
26623,1
26623,13
26624,7
26624,1
26624,2
26624,13
26626,7
26626,1
26626,10
26626,2
26626,13
26629,7
26629,1
26629,2
26629,13
26631,7
26631,1
26631,2
26631,13
26632,7
26632,1
26632,2
26632,13
26634,7
26634,1
26634,2
26634,13
26635,7
26635,1
26635,2
26635,13
26636,10
26636,2
26636,13
26636,5
26636,9
26636,14
26637,7
26637,2
26637,13
26638,7
26638,1
26638,2
26638,13
26639,7
26639,1
26639,2
26639,13
26642,7
26642,1
26642,2
26642,13
26643,7
26643,10
26643,2
26643,13
26645,13
26645,5
26645,9
26650,7
26650,1
26650,2
26650,13
26655,7
26655,1
26655,10
26655,13
26660,7
26660,1
26660,2
26660,13
26802,6
26802,2
26802,13
26802,5
26802,9
26815,7
26815,2
26815,13
26819,7
26819,1
26819,2
26819,13
26819,14
26820,7
26820,2
26820,13
26820,5
26820,9
26821,7
26821,1
26821,2
26821,13
26823,7
26823,2
26823,13
26829,7
26829,2
26829,13
26830,7
26830,2
26830,13
26832,5
26836,2
26836,13
26836,5
26841,7
26841,2
26841,13
26841,5
26841,9
26843,7
26843,1
26843,2
26843,13
26907,7
26907,1
26907,2
26907,13
26908,7
26908,13
26914,10
26914,13
26914,5
26915,7
26915,2
26915,13
26917,7
26917,1
26917,2
26917,13
26918,2
26918,13
26918,5
26918,9
26921,5
26921,9
26923,7
26923,2
26923,13
26925,7
26925,13
26927,7
26927,1
26927,2
26927,13
26929,7
26929,2
26929,13
26929,5
26929,9
26931,7
26931,1
26931,2
26931,13
26933,7
26933,2
26939,7
26939,2
26939,13
26941,1
26941,2
26941,13
26941,5
26941,9
26942,7
26942,2
26942,13
26944,7
26944,1
26944,13
27016,13
27016,9
27020,7
27020,2
27020,13
27020,5
27020,9
27028,5
27029,7
27029,1
27029,2
27029,13
27032,7
27032,1
27032,2
27032,13
27032,5
27032,9
27034,5
27034,9
27037,13
27037,9
27040,7
27040,1
27040,2
27040,13
27105,2
27114,5
27115,1
27115,2
27115,13
27115,5
27117,7
27117,2
27117,13
27121,7
27121,1
27121,2
27121,13
27121,5
27126,7
27126,1
27126,2
27126,13
27127,7
27127,2
27127,13
27130,2
27132,7
27132,2
27132,13
27132,5
27132,9
27133,7
27133,1
27133,2
27133,13
27134,7
27134,2
27134,13
27139,7
27140,7
27140,1
27140,2
27140,13
27141,1
27141,2
27141,13
27146,13
27146,5
27146,9
27191,7
27191,1
27191,2
27191,13
27202,7
27202,2
27202,13
27204,7
27204,1
27204,2
27204,13
27206,7
27206,2
27206,13
27207,2
27209,7
27209,2
27209,13
27210,2
27213,13
27219,5
27220,7
27220,2
27220,13
27222,7
27222,2
27222,13
27225,7
27225,2
27225,13
27227,7
27227,1
27227,2
27227,13
27228,5
27229,5
27230,7
27230,2
27230,13
27235,7
27235,1
27235,2
27235,13
27240,2
27241,5
27241,9
27243,7
27243,1
27243,2
27243,13
27247,5
27248,6
27248,5
27248,9
27249,6
27249,5
27249,9
27250,7
27250,1
27250,2
27250,13
27255,7
27255,1
27255,2
27255,13
27260,7
27260,1
27260,2
27260,13
27261,7
27261,13
27268,1
27268,2
27268,13
27273,7
27273,2
27273,13
27275,7
27275,2
27275,13
27311,7
27311,2
27311,13
27313,7
27313,1
27313,2
27313,13
27313,5
27408,7
27408,2
27408,13
27425,7
27425,2
27425,13
27442,9
27603,7
27603,1
27603,2
27603,13
27605,7
27605,1
27605,2
27605,13
27605,5
27639,7
27639,1
27639,2
27639,13
27651,9
27652,7
27652,1
27652,2
27652,13
27652,14
27830,5
40001,7
40001,12
40001,4
40001,15
40002,7
40002,12
40002,4
40002,5
40002,15
40003,7
40003,12
40003,4
40003,15
40004,12
40004,4
40005,7
40005,12
40005,4
40006,12
40006,4
40007,7
40007,12
40007,4
40008,12
40009,12
40009,4
40009,15
40101,12
40101,4
40102,12
40102,4
40103,12
40103,4
40104,12
40104,4
40105,12
40105,4
40106,12
40106,4
40106,5
40107,7
40107,12
40107,4
40301,12
40301,4
40301,15
40302,12
40302,4
40302,5
40302,15
40303,12
40303,4
40303,15
40304,12
40304,4
40304,15
40306,12
40306,4
40306,5
40306,15
40307,12
40307,4
40307,5
40307,15
40308,12
40308,4
40308,15
40309,12
40309,4
40309,15
40310,12
40310,4
40310,5
40310,15
40311,12
40311,4
40311,5
40311,15
40312,7
40312,12
40312,4
40312,5
40312,15
40313,12
40313,4
40313,5
40314,12
40314,4
40315,12
40315,4
40316,12
40316,4
40316,5
40317,12
40317,4
40317,6
40317,5
40318,12
40318,4
40318,5
51002,7
51002,8
51002,4
51002,5
51011,7
51011,4
51011,2
51011,5
51019,7
51019,8
51019,4
51019,3
51019,2
51019,5
51028,7
51028,8
51028,4
51028,2
51028,5
51033,7
51033,4
51033,2
51033,5
51051,7
51051,4
51051,3
51051,2
51051,5
51053,7
51053,8
51053,4
51053,3
51053,2
51053,5
51056,4
51058,7
51058,8
51058,4
51058,2
51058,5
51063,7
51063,4
51063,3
51063,5
51064,4
51064,2
51064,5
51071,7
51071,8
51071,4
51071,2
51109,7
51109,4
51109,3
51109,2
51109,5
51113,7
51113,8
51113,4
51113,3
51113,2
51115,7
51115,8
51115,4
51115,3
51115,2
51115,5
51125,5
51127,7
51127,8
51127,4
51127,3
51127,2
51127,5
51177,7
51177,8
51177,4
51177,3
51177,5
51181,4
51181,5
51188,7
51188,4
51188,5
51201,7
51201,4
51243,11
51243,8
51243,4
51243,3
51243,5
51248,4
51248,5
51250,7
51250,8
51250,4
51250,3
51250,2
51250,5
51254,7
51254,8
51254,4
51254,2
51254,5
51261,4
51261,5
51278,4
51278,5
51299,7
51299,8
51299,4
51299,3
51299,2
51299,5
51302,7
51302,8
51302,3
51302,2
51302,5
51303,7
51303,4
51303,5
51306,4
51306,5
51308,4
51308,5
51314,7
51314,8
51314,3
51314,2
51314,5
51318,8
51318,4
51318,2
51318,5
51319,7
51319,4
51319,3
51319,2
51319,5
51325,7
51325,12
51325,4
51325,2
51325,5
51327,4
51330,7
51330,8
51330,4
51330,2
51330,5
51335,7
51335,2
51336,4
51336,5
51354,4
51354,5
51362,7
51362,8
51362,4
51362,2
51362,5
51383,7
51383,8
51383,2
51395,7
51395,8
51395,4
51395,3
51403,7
51403,8
51403,4
51403,3
51403,2
51428,7
51428,8
51428,4
51428,3
51428,2
51428,5
51430,4
51434,7
51434,4
51434,3
51434,2
51435,7
51435,8
51435,3
51435,2
51435,5
51437,7
51437,8
51437,4
51437,2
51442,7
51442,4
51442,3
51442,2
51501,7
51501,4
51501,3
51501,5
51501,9
51502,7
51502,4
51502,5
51509,7
51509,4
51509,3
51509,5
51510,7
51510,8
51510,6
51510,4
51510,9
51510,5
51517,4
51517,2
51532,7
51532,3
51532,4
51532,5
51537,7
51537,4
51537,3
51537,2
51538,7
51538,8
51538,4
51538,3
51538,2
51540,7
51540,8
51540,4
51540,3
51540,2
51540,5
51550,4
51550,3
51550,5
51553,4
51553,5
51565,7
51565,8
51565,4
51565,2
51565,5
51566,7
51566,8
51566,4
51566,5
51574,8
51574,4
51574,5
51593,7
51593,8
51593,4
51593,2
51593,5
51599,8
51599,4
51599,2
51599,5
51613,7
51613,8
51613,4
51613,5
51617,4
51617,3
51617,5
51636,7
51636,8
51636,4
51636,2
51636,5
51642,7
51642,8
51642,3
51642,2
51642,5
51653,7
51653,4
51653,3
51653,5
51669,7
51669,8
51669,4
51669,2
51669,5
51679,7
51679,4
51679,5
51698,4
51698,5
51709,7
51709,4
51709,3
51709,2
51709,5
51711,7
51711,8
51711,4
51711,5
51713,8
51713,4
51713,3
51713,2
51714,7
51714,8
51714,4
51739,7
51739,4
51739,2
51747,12
51747,3
51747,4
51747,5
51753,7
51753,8
51753,3
51753,2
51754,7
51754,4
51754,3
51754,5
51773,4
51773,5
51789,7
51789,4
51789,3
51789,5
51801,8
51801,12
51801,3
51801,4
51801,5
51812,7
51812,8
51812,4
51812,5
51813,7
51813,8
51813,4
51813,3
51813,5
51816,7
51816,8
51816,4
51816,5
51830,4
51830,5
51834,4
51834,5
51841,4
51841,5
51859,7
51859,8
51859,4
51859,2
51871,7
51871,4
51871,5
51895,7
51895,8
51895,4
51895,5
51908,4
51908,5
51910,4
51910,5
51927,8
51927,4
51927,2
51927,5
51935,7
51935,4
51935,5
51946,7
51946,4
51946,2
51958,7
51958,4
51958,2
51958,5
51960,7
51960,4
51960,5
51963,7
51963,8
51963,6
51963,4
51963,3
51963,2
51963,5
51972,7
51972,8
51972,4
51972,2
51972,5
51986,7
51986,8
51986,4
51986,3
51986,2
51986,5
51996,7
51996,8
51996,4
51996,2
51996,5
52002,7
52002,8
52002,4
52002,3
52002,2
52002,5
52005,4
52005,5
52006,7
52006,8
52006,4
52006,2
52006,5
52012,7
52012,8
52012,4
52012,2
52012,5
52014,7
52014,8
52014,4
52014,2
52023,7
52023,8
52023,4
52025,7
52025,4
52025,2
52038,4
52038,5
52051,4
52051,2
52052,7
52052,8
52052,4
52052,3
52052,2
52054,7
52054,8
52054,4
52054,3
52054,2
52075,7
52075,8
52075,4
52075,2
52075,5
52100,7
52100,8
52100,6
52100,4
52100,3
52100,2
52100,5
52104,4
52104,5
52109,4
52109,5
52111,7
52111,8
52111,4
52111,5
52114,7
52114,8
52114,4
52114,3
52114,2
52114,5
52117,7
52117,8
52117,4
52117,5
52129,7
52129,8
52129,4
52129,5
52134,7
52134,8
52134,4
52134,2
52141,4
52141,5
52147,7
52147,8
52147,4
52147,3
52147,2
52147,5
52151,4
52151,5
52155,4
52155,5
52164,4
52164,5
52168,4
52168,5
52169,4
52180,4
52180,2
52180,5
52195,8
52195,4
52195,2
52195,5
52206,7
52206,8
52206,4
52206,3
52206,5
52216,4
52216,5
52231,7
52231,4
52231,2
52231,5
52240,4
52240,5
52246,7
52246,8
52246,12
52246,4
52246,2
52246,5
52279,7
52279,8
52279,4
52279,2
52279,5
52290,7
52290,8
52290,6
52290,4
52290,2
52290,5
52291,7
52291,8
52291,4
52291,2
52291,5
52296,7
52296,8
52296,4
52296,2
52296,5
52303,4
52303,5
52310,7
52310,8
52310,4
52310,2
52310,5
52326,7
52326,8
52326,6
52326,4
52326,3
52326,2
52326,5
52336,4
52342,8
52342,4
52342,5
52359,4
52359,5
52367,7
52367,8
52367,4
52367,3
52367,5
52377,7
52377,8
52377,6
52377,2
52379,7
52379,8
52379,4
52379,2
52379,5
52392,7
52392,8
52392,4
52392,3
52392,2
52392,5
52396,11
52396,8
52396,4
52396,5
52408,7
52408,4
52408,3
52408,2
52408,5
52411,4
52411,2
52411,5
52420,7
52420,8
52420,6
52420,14
52420,4
52420,3
52420,2
52420,5
52423,4
52423,5
52426,4
52426,5
52442,4
52442,5
52474,7
52474,8
52474,4
52474,3
52474,2
52474,5
52484,4
52484,5
52489,7
52489,8
52489,4
52489,2
52489,5
52493,7
52493,4
52493,5
52495,4
52495,5
52537,7
52537,4
52537,3
52537,2
52537,5
52542,4
52551,7
52551,8
52551,4
52551,2
52551,5
52565,7
52565,8
52565,4
52565,3
52565,2
52565,5
52568,4
52568,5
52574,7
52574,4
52574,2
52574,5
52575,4
52575,5
52580,4
52580,5
52583,4
52583,5
52587,4
52587,5
52592,8
52592,4
52592,2
52592,5
52596,7
52596,8
52596,4
52596,3
52596,2
52596,5
52610,7
52610,8
52610,4
52610,3
52610,2
52610,5
52611,4
52611,5
52622,4
52622,5
52627,7
52627,8
52627,14
52627,4
52627,3
52627,2
52627,5
52627,9
52628,7
52628,8
52628,4
52628,2
52628,5
52629,4
52629,5
52637,4
52637,2
52637,5
52641,7
52641,8
52641,4
52641,3
52641,2
52641,5
52642,7
52642,8
52642,4
52642,3
52642,2
52642,5
52654,7
52654,4
52654,2
52654,5
52670,4
52670,5
52681,7
52681,4
52681,5
52685,7
52685,4
52685,2
52685,5
52692,8
52692,4
52692,5
52694,7
52694,6
52694,4
52694,5
52695,7
52695,8
52695,6
52695,4
52695,3
52695,2
52695,5
52706,7
52706,8
52706,6
52706,4
52706,3
52706,5
52707,4
52712,8
52712,4
52712,5
52723,7
52723,4
52723,2
52723,5
52747,6
52747,4
52747,2
52747,5
52749,7
52749,4
52749,5
52753,7
52753,8
52753,4
52753,5
52762,4
52762,5
52779,7
52779,4
52779,5
52787,4
52787,5
52796,4
52796,5
52798,7
52798,6
52798,4
52798,3
52798,5
52848,7
52848,4
52848,2
52848,5
52857,7
52857,8
52857,4
52857,3
52857,2
52857,5
52862,7
52862,8
52862,4
52862,2
52862,5
52866,7
52866,8
52866,4
52866,2
52866,5
52897,8
52897,4
52897,2
52929,8
52929,4
52936,4
52936,5
52941,7
52941,8
52941,4
52941,2
52965,7
52965,4
52965,2
52965,5
52967,7
52967,4
52967,2
52967,5
52980,7
52980,6
52980,4
52980,2
52980,5
53025,7
53025,8
53025,4
53025,3
53025,2
53025,5
53026,4
53026,2
53026,5
53027,7
53027,8
53027,4
53027,2
53027,5
53029,7
53029,4
53029,5
53036,7
53036,2
53036,5
53043,7
53043,8
53043,4
53043,2
53043,5
53051,4
53051,5
53057,7
53057,8
53057,4
53057,3
53057,2
53057,5
53079,7
53079,8
53079,4
53079,2
53079,5
53105,7
53105,8
53105,4
53105,3
53105,2
53105,5
53106,7
53106,8
53106,4
53113,7
53113,8
53113,4
53113,3
53113,2
53113,5
53115,7
53115,4
53115,2
53115,5
53116,7
53116,8
53116,4
53116,3
53116,5
53117,7
53117,8
53117,4
53117,2
53118,7
53118,8
53118,4
53118,3
53118,2
53118,5
53119,7
53119,8
53119,4
53119,2
53119,5
53121,7
53121,8
53121,4
53121,2
53121,5
53122,7
53122,4
53122,2
53122,5
53709,7
53709,8
53709,4
53709,3
53709,2
53709,5
53725,7
53725,4
53725,2
53746,7
53746,8
53746,6
53746,14
53746,4
53746,3
53746,2
53746,5
53764,6
53782,7
53782,8
53782,4
53782,3
53782,2
53782,5
53841,7
53841,8
53841,4
53841,2
53841,5
53847,7
53847,8
53847,6
53847,4
53847,3
53847,2
53847,5
53866,4
53866,5
53870,7
53870,8
53870,4
53870,2
53870,5
53874,7
53874,8
53874,4
53874,3
53874,2
53874,5
53890,7
53890,4
53890,3
53890,2
53890,5
53903,7
53903,8
53903,4
53903,2
53903,5
53907,4
53907,5
53913,6
53913,4
53913,5
53922,4
53922,5
53930,7
53930,8
53930,4
53930,3
53930,2
53930,5
53932,7
53932,8
53932,4
53932,3
53932,2
53932,5
53933,7
53933,8
53933,4
53933,3
53933,2
53944,4
53944,2
53944,5
53954,7
53954,4
53954,3
53954,5
53956,7
53956,4
53957,7
53957,8
53957,4
53957,2
53967,4
53967,5
53971,4
53971,5
53974,7
53974,8
53974,4
53974,3
53974,2
53974,5
53975,7
53975,8
53975,4
53975,3
53975,2
53975,5
53977,7
53977,8
53977,4
53977,3
53977,2
53977,5
53985,7
53985,4
53985,5
53986,4
53986,5
53987,6
53987,4
53987,2
53987,5
53997,7
53997,8
53997,12
53997,4
53997,3
53997,2
54010,5
54026,4
54026,5
54028,4
54028,5
54030,7
54030,8
54030,3
54030,2
54030,5
54033,4
54033,5
54034,4
54035,4
54040,7
54040,8
54040,6
54040,4
54040,3
54040,2
54040,5
54047,7
54047,4
54047,2
54047,5
54048,4
54048,5
54066,4
54066,5
54076,7
54076,8
54076,4
54076,2
54076,5
54078,7
54078,6
54078,4
54078,3
54078,2
54078,5
54079,8
54079,4
54079,5
54080,7
54080,8
54080,4
54080,3
54080,5
54081,7
54081,8
54081,6
54081,14
54081,4
54081,3
54081,5
54083,4
54083,2
54085,4
54085,5
54087,4
54087,5
54088,4
54088,5
54089,7
54089,8
54089,6
54089,4
54089,2
54089,5
54094,6
54094,4
54094,2
54094,5
54103,6
54103,4
54103,3
54103,5
54115,7
54115,8
54115,4
54115,5
54123,7
54123,8
54123,4
54123,3
54123,2
54123,5
54138,7
54138,8
54138,3
54140,4
54140,5
54151,7
54151,8
54151,4
54151,3
54151,2
54151,5
54156,4
54156,5
54192,7
54192,6
54192,4
54192,5
54194,4
54194,5
54208,4
54223,7
54223,8
54223,6
54223,4
54223,3
54223,2
54223,5
54243,4
54243,5
54247,8
54247,4
54247,3
54247,2
54247,5
54260,7
54260,8
54260,4
54260,3
54260,2
54260,5
54296,7
54296,8
54296,6
54296,4
54296,2
54296,5
54296,9
54299,4
54300,4
54300,5
54306,7
54306,4
54306,3
54306,2
54306,5
54309,7
54309,8
54309,4
54309,3
54309,2
54309,5
54310,7
54310,8
54310,4
54310,3
54310,2
54310,5
54326,7
54326,4
54326,2
54326,5
54327,4
54327,5
54328,8
54328,4
54328,5
54331,6
54331,4
54331,5
54332,7
54332,6
54332,4
54332,5
54333,7
54333,8
54333,6
54333,4
54333,5
54334,7
54334,4
54334,3
54334,5
54337,4
54337,5
54348,7
54348,8
54348,4
54348,5
54355,7
54355,8
54355,12
54355,4
54355,2
54355,5
54399,4
54407,7
54407,8
54407,4
54407,3
54409,8
54409,6
54409,4
54409,3
54409,5
54410,6
54410,4
54410,3
54410,5
54428,7
54428,8
54428,3
54428,2
54428,5
54435,7
54435,8
54435,6
54435,4
54435,5
54453,7
54453,8
54453,4
54453,3
54469,4
54469,5
54474,7
54474,8
54474,6
54474,4
54474,3
54474,5
54475,7
54475,8
54475,4
54475,3
54475,2
54475,5
54479,7
54479,8
54479,4
54479,3
54479,2
54491,7
54491,8
54491,4
54491,3
54491,2
54491,5
54569,4
54569,5
54622,4
54622,5
54670,4
54670,5
54697,4
54697,5
54700,7
54700,8
54700,4
54700,3
54700,5
54713,4
54713,5
54716,5
54717,7
54717,8
54717,4
54717,3
54717,2
54717,5
54734,14
54734,4
54734,3
54734,5
54735,7
54735,8
54735,4
54736,8
54736,4
54736,3
54736,5
54738,7
54738,8
54738,4
54738,3
54738,5
54739,7
54739,12
54739,4
54739,5
54742,7
54742,8
54742,4
54742,3
54742,2
54743,4
55279,4
55279,5
55289,4
55289,5
55297,4
55297,5
55298,4
55298,5
55300,4
55300,5
55321,7
55321,8
55321,4
55321,3
55321,2
55322,7
55322,2
55327,4
55327,5
55329,8
55329,2
55330,7
55330,8
55330,4
55330,2
55330,5
55336,4
55336,5
55338,4
55338,3
55338,5
55342,7
55342,8
55342,3
55342,2
55342,5
55344,4
55344,3
55344,5
55344,9
55346,4
55346,5
55348,7
55348,8
55348,4
55348,3
55348,2
55348,5
55349,4
55349,5
55352,4
55352,5
55353,7
55353,14
55353,4
55353,3
55353,2
55353,5
55354,4
55354,5
55355,4
55355,5
55356,4
55356,5
55358,4
55358,5
55360,4
55360,5
55361,4
55361,5
55362,4
55364,7
55364,4
55364,2
55364,5
55365,4
55365,5
55367,4
55367,5
55368,12
55368,4
55368,5
55369,4
55369,5
55371,4
55371,5
55372,4
55372,5
55373,4
55374,7
55374,8
55374,4
55374,2
55374,5
55375,5
55376,4
55376,5
55377,4
55377,5
55378,4
55378,5
55379,7
55379,8
55379,4
55379,3
55379,2
55379,5
55379,9
55381,7
55381,4
55381,2
55381,5
55385,4
55385,5
55387,4
55387,5
55391,4
55392,14
55392,4
55392,3
55392,2
55392,5
55393,4
55393,5
55394,4
55395,4
55395,5
55397,4
55398,5
55399,4
55399,5
55400,4
55400,5
55401,4
55401,5
55402,7
55402,8
55402,4
55402,3
55402,2
55402,5
55404,5
55406,4
55406,5
55407,7
55407,8
55407,4
55407,2
55408,4
55408,5
55409,5
55412,4
55412,5
55414,4
55416,4
55416,5
55417,4
55417,5
55418,4
55418,5
55419,7
55419,8
55419,3
55419,5
55420,5
55421,5
55422,5
55425,4
55425,5
55430,5
55433,5
55434,7
55434,5
55436,7
55436,8
55436,2
55436,5
55438,5
55441,7
55441,8
55441,3
55441,5
55443,4
55443,5
55448,5
55449,5
55450,4
55450,5
55454,7
55454,8
55454,14
55454,3
55456,5
55459,4
55459,5
55462,5
55463,5
55467,5
55473,4
55473,5
55474,7
55474,8
55474,3
55474,2
55475,7
55475,8
55475,3
55475,2
55475,5
55476,7
55476,8
55476,14
55476,3
55476,2
55476,5
55477,5
55479,4
55479,5
55481,5
55482,4
55482,5
55484,5
55485,7
55485,2
55485,5
55486,5
55487,4
55487,5
55490,5
55491,5
55492,5
55494,5
55496,7
55496,2
55496,5
55498,5
55499,5
55501,5
55502,5
55503,5
55505,5
55512,5
55516,5
55517,5
55519,5
55520,5
55522,5
55523,5
55525,4
55525,5
55527,5
55528,14
55528,3
55528,5
55529,7
55529,8
55529,14
55529,3
55529,2
55529,5
55532,5
55535,5
55539,7
55539,6
55539,4
55539,3
55539,2
55539,5
55540,5
55549,7
55549,6
55549,3
55549,5
55553,5
55554,5
55555,5
55556,5
55557,5
55558,5
55559,4
55559,5
55560,7
55560,8
55560,2
55564,7
55564,8
55564,14
55564,3
55571,7
55571,3
55571,5
56003,4
56003,5
56005,4
56005,5
56009,4
56014,4
56014,5
56015,4
56015,5
56023,4
56029,4
56029,5
56032,4
56032,5
56033,4
56033,5
56034,4
56034,5
56040,4
56040,5
56045,4
56045,5
56053,4
56053,5
56054,4
56054,5
56063,4
56063,5
56066,4
56066,5
56067,4
56067,5
56074,4
56074,5
56083,4
56083,5
56207,4
56207,5
56209,4
56209,5
57001,4
57001,5
57002,4
57002,5
57006,4
57006,5
57007,4
57010,4
57012,4
57014,4
57015,4
57016,4
57017,4
57018,4
57021,4
57022,4
57023,4
57024,4
57026,4
57026,5
57027,4
57027,5
57029,4
57030,4
57031,4
57032,4
57034,4
57035,4
57035,5
57036,4
57036,5
57037,4
57038,4
57038,5
57039,4
57039,5
57040,4
57041,4
57041,5
57042,4
57043,4
57044,4
57045,4
57047,4
57048,4
57049,4
57049,5
57050,4
57051,4
57052,4
57053,4
57054,4
57054,5
57055,4
57056,4
57057,4
57057,5
57058,4
57059,4
57060,4
57062,4
57062,5
57064,4
57065,4
57065,5
57066,5
57067,4
57068,4
57069,4
57069,5
57070,4
57070,5
57071,4
57072,4
57072,5
57075,5
57076,5
61001,7
61001,3
61001,5
61001,15
61001,12
61001,16
61002,3
61002,5
61002,15
61002,12
61002,16
61003,5
61003,15
61003,3
61003,12
61003,16
61004,7
61004,3
61004,5
61004,15
61004,12
61004,16
61005,7
61005,3
61005,5
61005,15
61005,12
61005,16
61006,11
61006,7
61006,3
61006,5
61006,15
61006,12
61006,16
61007,7
61007,3
61007,15
61007,12
61007,16
61008,7
61008,3
61008,15
61008,12
61008,16
61009,7
61009,3
61009,15
61009,12
61009,16
61011,7
61011,3
61011,15
61011,12
61011,16
61012,7
61012,3
61012,15
61012,12
61012,16
61013,11
61013,7
61013,3
61013,5
61013,15
61013,12
61013,16
61014,3
61014,12
61015,7
61015,3
61015,5
61015,15
61015,12
61015,16
61016,7
61016,3
61016,15
61016,12
61016,16
61021,3
61021,15
61021,12
61022,3
61022,15
61022,12
61022,16
61023,3
61023,5
61023,15
61023,12
61024,7
61024,3
61024,5
61024,15
61024,12
61024,16
61025,11
61025,7
61025,15
61025,3
61025,12
61025,16
61026,7
61026,3
61026,5
61026,15
61026,12
61026,16
61027,11
61027,7
61027,3
61027,5
61027,15
61027,12
61027,16
61029,11
61029,3
61029,5
61029,15
61029,12
61029,16
61030,11
61030,15
61030,3
61030,12
61030,16
61031,3
61031,15
61031,12
61031,16
61032,3
61032,15
61032,12
61032,16
61033,3
61033,8
61033,15
61033,12
61033,16
61034,7
61034,3
61034,5
61034,15
61034,12
61034,16
61035,3
61035,15
61035,12
61035,16
61036,3
61036,15
61036,12
61036,16
61037,3
61037,15
61037,12
61037,16
61039,7
61039,3
61039,15
61039,12
61039,16
61040,11
61040,7
61040,3
61040,5
61040,15
61040,12
61040,16
61041,11
61041,7
61041,3
61041,5
61041,15
61041,12
61041,16
61042,3
61042,15
61042,12
61044,3
61044,5
61044,15
61044,12
61044,16
61045,3
61045,5
61045,15
61045,12
61045,16
61046,11
61046,3
61046,5
61046,15
61046,12
61046,16
61047,3
61047,5
61047,15
61047,12
61047,16
61048,3
61048,5
61048,15
61048,12
61049,3
61049,5
61049,15
61049,12
61049,16
61050,7
61050,3
61050,5
61050,15
61050,12
61050,16
61051,11
61051,3
61051,5
61051,15
61051,12
61052,7
61052,3
61052,15
61052,12
61052,16
61053,11
61053,7
61053,3
61053,5
61053,15
61053,12
61053,16
61054,11
61054,7
61054,3
61054,5
61054,15
61054,12
61054,16
63001,7
63001,15
63001,4
63001,3
63001,12
63002,7
63002,15
63002,4
63002,3
63002,12
63003,7
63003,10
63003,15
63003,4
63003,3
63003,12
63004,7
63004,15
63004,4
63004,3
63004,12
63005,7
63005,15
63005,4
63005,3
63005,12
63006,16
63006,7
63006,10
63006,15
63006,4
63006,3
63006,12
63007,7
63007,10
63007,15
63007,4
63007,3
63007,12
63009,11
63009,16
63009,7
63009,10
63009,15
63009,4
63009,3
63009,12
63010,16
63010,7
63010,15
63010,4
63010,3
63010,12
63011,16
63011,7
63011,15
63011,4
63011,3
63011,12
63012,7
63012,15
63012,4
63012,3
63012,12
63014,7
63014,10
63014,15
63014,4
63014,3
63014,12
63016,7
63016,15
63016,4
63016,3
63016,12
63017,7
63017,15
63017,4
63017,3
63017,12
63018,16
63018,7
63018,10
63018,15
63018,4
63018,3
63018,12
63019,15
63019,4
63019,3
63019,12
63020,16
63020,7
63020,15
63020,4
63020,3
63020,12
63023,16
63023,7
63023,10
63023,15
63023,4
63023,3
63023,12
63025,7
63025,15
63025,4
63025,3
63025,12
63027,7
63027,10
63027,15
63027,4
63027,3
63027,12
63028,16
63028,7
63028,15
63028,4
63028,3
63028,12
63029,16
63029,7
63029,15
63029,4
63029,3
63029,12
63031,7
63031,15
63031,4
63031,3
63031,12
63032,16
63032,7
63032,15
63032,4
63032,3
63032,12
63034,7
63034,15
63034,4
63034,3
63034,12
63038,10
63038,15
63038,4
63038,3
63038,12
63039,15
63039,4
63039,3
63039,12
63040,7
63040,15
63040,4
63040,3
63040,12
63041,7
63041,15
63041,4
63041,3
63041,12
63042,10
63042,9
63042,15
63042,4
63042,3
63042,12
63043,10
63043,15
63043,4
63043,3
63043,12
63045,16
63045,7
63045,15
63045,4
63045,3
63045,12
63046,7
63046,13
63046,10
63046,15
63046,4
63046,3
63046,12
63047,7
63047,10
63047,15
63047,4
63047,3
63047,12
63048,15
63048,4
63048,3
63048,12
63049,16
63049,7
63049,10
63049,15
63049,4
63049,3
63049,12
63050,15
63050,4
63050,3
63050,12
63051,15
63051,4
63051,3
63051,12
63052,7
63052,10
63052,15
63052,4
63052,3
63052,12
63053,7
63053,9
63053,15
63053,4
63053,3
63053,12
63054,16
63054,15
63054,4
63054,3
63054,12
63056,7
63056,10
63056,15
63056,4
63056,3
63056,12
63058,7
63058,15
63058,4
63058,3
63058,12
63059,13
63059,10
63059,6
63059,9
63059,15
63059,4
63059,3
63059,12
63061,10
63061,15
63061,4
63061,3
63061,12
63070,16
63070,7
63070,15
63070,4
63070,3
63070,12
63071,16
63071,7
63071,15
63071,4
63071,3
63071,12
63073,11
63073,15
63073,4
63073,3
63073,12
63074,15
63074,4
63074,3
63074,12
63075,15
63075,4
63075,3
63075,12
63076,7
63076,15
63076,4
63076,3
63076,12
63077,15
63077,4
63077,3
63077,12
63078,15
63078,4
63078,3
63078,12
63079,15
63079,4
63079,3
63079,12
63080,7
63080,15
63080,4
63080,3
63080,12
63081,15
63081,4
63081,3
63081,12
63082,7
63082,15
63082,4
63082,3
63082,12
63084,15
63084,4
63084,3
63084,12
63085,10
63085,6
63085,9
63085,15
63085,4
63085,3
63085,12
63090,4
63091,4
63092,4
63093,4
63094,4
63095,4
63201,7
63201,15
63201,4
63201,3
63201,12
63202,7
63202,10
63202,15
63202,4
63202,3
63202,12
63204,15
63204,4
63204,3
63204,12
63205,7
63205,10
63205,15
63205,4
63205,3
63205,12
63206,7
63206,10
63206,9
63206,15
63206,4
63206,3
63206,12
63208,10
63208,15
63208,4
63208,3
63208,12
63209,10
63209,15
63209,4
63209,3
63209,12
63211,10
63211,6
63211,9
63211,15
63211,4
63211,3
63211,12
63212,10
63212,6
63212,9
63212,15
63212,4
63212,3
63212,12
63213,15
63213,4
63213,3
63213,12
63214,15
63214,4
63214,3
63214,12
63215,9
63215,15
63215,4
63215,3
63215,12
65001,16
65001,7
65001,10
65001,5
65001,15
65001,4
65001,3
65001,12
65002,7
65002,15
65002,4
65002,3
65002,12
65003,7
65003,15
65003,4
65003,3
65003,12
65004,7
65004,10
65004,5
65004,15
65004,4
65004,3
65004,12
65005,7
65005,5
65005,15
65005,4
65005,3
65005,12
65006,7
65006,10
65006,5
65006,15
65006,4
65006,3
65006,12
65007,7
65007,10
65007,5
65007,15
65007,4
65007,3
65007,12
65008,7
65008,5
65008,15
65008,4
65008,3
65008,12
65009,10
65009,5
65009,15
65009,4
65009,3
65009,12
65010,7
65010,10
65010,5
65010,15
65010,9
65010,4
65010,3
65010,12
65011,7
65011,15
65011,4
65011,3
65011,12
65013,7
65013,5
65013,15
65013,4
65013,3
65013,12
65017,7
65017,5
65017,15
65017,4
65017,3
65017,12
65018,16
65018,7
65018,15
65018,4
65018,3
65018,12
65019,7
65019,15
65019,4
65019,3
65019,12
65021,7
65021,5
65021,15
65021,4
65021,3
65021,12
65022,10
65022,5
65022,15
65022,9
65022,4
65022,3
65022,12
65023,7
65023,5
65023,15
65023,4
65023,3
65023,12
65024,15
65024,9
65024,4
65024,3
65024,12
65025,7
65025,5
65025,15
65025,4
65025,3
65025,12
65026,5
65026,15
65026,9
65026,4
65026,3
65026,12
65027,7
65027,5
65027,15
65027,4
65027,3
65027,12
65028,8
65028,4
65029,7
65029,15
65029,4
65029,3
65029,12
65030,7
65030,5
65030,15
65030,4
65030,3
65030,12
65031,7
65031,15
65031,4
65031,3
65031,12
65032,7
65032,10
65032,15
65032,4
65032,3
65032,12
65033,15
65033,4
65033,3
65033,12
65034,7
65034,15
65034,4
65034,3
65034,12
65035,4
65036,10
65036,15
65036,9
65036,4
65036,3
65036,12
65037,10
65037,15
65037,9
65037,4
65037,3
65037,12
65038,7
65038,15
65038,4
65038,3
65038,12
65039,10
65039,5
65039,15
65039,9
65039,4
65039,3
65039,12
65040,15
65040,4
65040,3
65040,12
65041,7
65041,15
65041,4
65041,3
65041,12
65047,10
65047,5
65047,15
65047,9
65047,4
65047,3
65047,12
65048,7
65048,5
65048,15
65048,4
65048,3
65048,12
65051,7
65051,5
65051,15
65051,4
65051,3
65051,12
65055,7
65055,5
65055,15
65055,4
65055,3
65055,12
65059,10
65059,15
65059,9
65059,4
65059,3
65059,12
65060,7
65060,15
65060,4
65060,3
65060,12
65061,8
65061,4
65065,7
65065,15
65065,4
65065,3
65065,12
65068,10
65068,5
65068,15
65068,9
65068,4
65068,3
65068,12
65069,10
65069,5
65069,15
65069,4
65069,3
65069,12
65073,15
65073,4
65073,3
65073,12
65075,10
65075,5
65075,15
65075,4
65075,3
65075,12
65077,10
65077,5
65077,15
65077,4
65077,3
65077,12
65078,10
65078,5
65078,15
65078,4
65078,3
65078,12
65079,5
65079,15
65079,4
65079,3
65079,12
65080,7
65080,15
65080,4
65080,3
65080,12
65081,16
65081,10
65081,5
65081,15
65081,4
65081,3
65081,12
65083,5
65083,15
65083,9
65083,4
65083,3
65083,12
65090,4
65091,4
65092,4
65093,4
65094,4
65095,4
65201,5
65201,15
65201,4
65201,3
65201,12
65202,7
65202,15
65202,4
65202,3
65202,12
65203,5
65203,15
65203,4
65203,3
65203,12
65204,4
65205,15
65205,4
65205,3
65205,12
65206,15
65206,4
65206,3
65206,12
65211,7
65211,5
65211,15
65211,4
65211,3
65211,12
65212,15
65212,4
65212,3
65212,12
65213,15
65213,4
65213,3
65213,12
65214,15
65214,4
65214,3
65214,12
65215,7
65215,15
65215,4
65215,3
65215,12
65219,4
65227,7
65227,15
65227,4
65227,3
65227,12
65228,6
65228,9
65228,4
65228,3
65228,12
65229,15
65229,4
65229,3
65229,12
65233,8
65233,4
65401,5
65401,4
65401,3
65401,12
65501,10
65501,15
65501,4
65501,3
65501,12
65689,4
70201,12
70201,4
70201,10
70201,15
70210,12
70210,4
70210,10
70210,15
70211,16
70211,7
70211,12
70211,4
70211,2
70212,16
70212,7
70212,12
70212,4
70212,10
70212,2
70212,15
70213,16
70213,7
70213,12
70213,4
70213,2
70214,16
70214,7
70214,12
70214,4
70214,10
70214,2
70214,9
70215,7
70215,12
70215,4
70215,2
70218,16
70218,12
70218,4
70218,2
70220,16
70220,7
70220,12
70220,4
70220,10
70220,2
70220,15
70224,16
70224,7
70224,12
70224,4
70224,10
70224,2
70234,7
70234,12
70234,4
70234,10
70234,2
70234,15
70236,16
70236,7
70236,12
70236,4
70236,2
70239,7
70239,12
70239,4
70239,2
70239,9
70245,16
70245,7
70245,12
70245,4
70245,10
70245,2
70245,15
70247,16
70247,7
70247,12
70247,4
70247,10
70247,2
70247,15
70261,7
70261,12
70261,4
70261,10
70261,2
70263,7
70263,12
70263,4
70263,10
70263,2
70264,7
70264,12
70264,4
70264,2
70264,15
70265,7
70265,12
70265,4
70265,2
70270,7
70270,12
70270,4
70270,10
70270,2
70271,16
70271,7
70271,12
70271,4
70271,10
70271,2
70271,15
70272,7
70272,12
70272,4
70272,2
70278,16
70278,7
70278,12
70278,4
70278,2
70280,16
70280,7
70280,12
70280,4
70280,10
70280,2
70282,7
70282,12
70282,4
70282,2
70282,5
70283,16
70283,7
70283,12
70283,4
70283,10
70283,2
70283,5
70283,15
70284,16
70284,7
70284,12
70284,4
70284,2
70286,16
70286,7
70286,12
70286,4
70286,10
70286,2
70286,15
70287,7
70287,12
70287,4
70287,10
70288,7
70288,12
70288,4
70288,10
70288,2
70288,15
70291,7
70291,12
70291,4
70291,2
70297,7
70297,12
70297,4
70297,10
70297,2
70297,15
70298,7
70298,12
70298,4
70298,10
70298,2
70298,9
70298,15
70305,7
70305,12
70305,4
70307,7
70307,12
70307,4
70307,10
70307,2
70308,7
70308,12
70308,4
70308,10
70308,2
70309,7
70309,12
70309,4
70309,10
70309,9
70311,7
70311,12
70311,4
70311,10
70312,16
70312,7
70312,12
70312,4
70312,2
70313,16
70313,7
70313,12
70313,4
70313,10
70313,2
70313,15
70320,7
70320,12
70320,4
70320,10
70320,2
70320,9
70320,15
70326,7
70326,12
70326,4
70326,10
70326,2
70327,7
70327,12
70327,4
70327,10
70330,16
70330,7
70330,12
70330,4
70330,10
70330,2
70330,15
70331,7
70331,12
70331,4
70331,10
70331,2
70331,15
70336,7
70336,12
70336,4
70336,10
70336,2
70336,9
70336,15
70344,16
70344,7
70344,12
70344,4
70344,10
70344,2
70344,15
70346,7
70346,12
70346,4
70346,10
70346,2
70346,9
70346,15
70347,16
70347,7
70347,12
70347,4
70347,2
70347,15
70348,16
70348,7
70348,12
70348,4
70348,2
70348,15
70350,7
70350,12
70350,4
70350,9
70350,15
70355,7
70355,12
70355,4
70355,2
70355,9
70355,15
70356,7
70356,12
70356,4
70356,10
70356,2
70356,9
70356,15
70358,7
70358,12
70358,4
70358,10
70358,2
70360,16
70360,7
70360,12
70360,4
70360,10
70360,2
70365,7
70365,12
70365,4
70365,2
70365,15
70374,16
70374,12
70374,4
70374,2
70374,15
70377,7
70377,12
70377,4
70377,10
70377,15
70378,7
70378,12
70378,4
70378,2
70381,7
70381,12
70381,4
70381,2
70381,15
70382,7
70382,12
70382,4
70382,10
70384,16
70384,7
70384,12
70384,4
70384,10
70384,2
70384,9
70384,15
70386,16
70386,7
70386,12
70386,4
70386,10
70386,2
70390,16
70390,7
70390,12
70390,4
70390,10
70390,2
70390,9
70390,15
70393,7
70393,12
70393,4
70393,2
70396,7
70396,12
70396,4
70396,10
70396,2
70396,9
70414,7
70414,12
70414,4
70414,10
70414,2
70420,16
70420,7
70420,12
70420,4
70420,2
70420,15
70422,7
70422,12
70422,4
70422,10
70422,2
70422,9
70422,15
70424,7
70424,12
70424,4
70424,10
70424,2
70424,15
70432,16
70432,7
70432,12
70432,4
70432,10
70432,2
70432,15
70433,16
70433,7
70433,12
70433,4
70433,10
70433,2
70433,15
70437,7
70437,12
70437,4
70437,2
70437,9
70437,15
70438,7
70438,12
70438,4
70438,10
70438,2
70438,15
70439,7
70439,12
70439,4
70439,10
70439,2
70439,9
70439,15
70440,7
70440,12
70440,4
70440,10
70440,2
70440,15
70447,7
70447,12
70447,4
70447,10
70447,2
70447,15
70448,16
70448,7
70448,12
70448,4
70448,10
70448,2
70448,15
70451,4
70452,7
70452,12
70452,4
70452,10
70452,2
70456,4
70457,16
70457,7
70457,12
70457,4
70457,10
70457,2
70457,15
70458,7
70458,4
70461,16
70461,7
70461,12
70461,4
70461,2
70463,7
70463,12
70463,4
70463,2
70471,12
70471,4
70471,10
70471,2
70471,9
70471,15
70473,7
70473,12
70473,4
70473,10
70473,2
70473,9
70473,15
70478,7
70478,12
70478,4
70478,2
70478,9
70478,15
70479,7
70479,12
70479,4
70479,10
70479,2
70479,15
70480,7
70480,12
70480,4
70480,10
70480,2
70480,9
70480,15
70482,7
70482,12
70482,4
70482,10
70482,2
70482,9
70482,15
70484,7
70484,12
70484,4
70484,2
70497,7
70497,12
70497,4
70497,10
70497,2
70497,9
70498,16
70498,7
70498,12
70498,4
70498,10
70498,2
70498,15
70500,7
70500,12
70500,4
70502,7
70502,12
70502,4
70502,10
70502,2
70502,9
70502,15
70509,12
70509,4
70509,10
70509,15
70513,7
70513,12
70513,4
70513,10
70513,2
70513,9
70513,15
70516,7
70516,12
70516,4
70516,10
70516,15
70517,16
70517,7
70517,12
70517,4
70517,10
70517,2
70517,15
70518,7
70518,12
70518,4
70518,10
70518,2
70518,15
70519,7
70519,12
70519,4
70519,10
70519,2
70519,15
70522,7
70522,12
70522,4
70522,2
70533,7
70533,12
70533,4
70533,10
70533,2
70533,9
70535,16
70535,7
70535,12
70535,4
70535,10
70535,2
70535,9
70538,16
70538,7
70538,12
70538,4
70538,2
70539,16
70539,7
70539,12
70539,4
70539,10
70539,2
70539,9
70539,15
70540,4
70540,10
70540,15
70542,7
70542,12
70542,4
70542,2
70542,15
70545,16
70545,7
70545,12
70545,4
70545,2
70545,15
70548,16
70548,7
70548,12
70548,4
70548,10
70548,2
70548,15
70551,7
70551,12
70551,4
70551,10
70551,2
70551,5
70551,15
70552,4
70556,7
70556,12
70556,4
70556,10
70556,2
70556,15
70557,7
70557,12
70557,4
70557,10
70557,2
70557,9
70557,15
70558,7
70558,12
70558,4
70558,10
70558,15
70561,7
70561,12
70561,4
70561,10
70561,2
70561,15
70561,5
70564,7
70564,12
70564,4
70564,10
70564,2
70564,15
70568,7
70568,12
70568,4
70568,10
70568,2
70570,7
70570,12
70570,4
70570,10
70570,15
70573,12
70573,4
70573,10
70573,2
70573,9
70573,15
70574,7
70574,12
70574,4
70574,10
70574,2
70574,5
70578,16
70578,7
70578,12
70578,4
70578,10
70578,2
70578,15
70580,7
70580,12
70580,4
70580,10
70580,15
70581,7
70581,12
70581,4
70581,10
70581,2
70581,9
70581,15
70582,7
70582,12
70582,4
70582,10
70582,2
70582,9
70582,15
70590,7
70590,12
70590,4
70590,10
70590,2
70590,15
70593,7
70593,12
70593,4
70593,10
70593,2
70593,9
70594,7
70594,12
70594,4
70594,10
70594,15
70597,7
70597,12
70597,4
70597,10
70597,2
70597,9
70597,15
70611,16
70611,7
70611,12
70611,4
70611,10
70611,2
70615,7
70615,12
70615,4
70615,10
70616,7
70616,12
70616,4
70616,10
70616,2
70616,9
70635,12
70635,4
70635,10
70635,2
70635,9
70641,12
70641,4
70641,10
70641,2
70643,7
70643,12
70643,4
70643,10
70643,2
70643,9
70643,15
70644,7
70644,12
70644,4
70644,10
70644,2
70644,15
70651,7
70651,12
70651,4
70651,10
70651,2
70652,12
70652,4
70652,10
70652,2
70652,9
70652,15
70663,7
70663,12
70663,4
70663,10
70663,2
70663,15
70664,4
70665,7
70665,12
70665,4
70665,2
70666,12
70666,4
70666,10
70666,9
70668,12
70668,4
70668,10
70668,9
70668,15
70676,7
70676,12
70676,4
70676,10
70676,2
70680,7
70680,12
70680,4
70680,10
70680,2
70680,15
70691,7
70691,12
70691,4
70691,10
70691,2
70693,7
70693,12
70693,4
70693,10
70693,2
70693,15
70697,12
70697,4
70697,10
70697,2
70697,9
70700,12
70700,4
70700,10
70700,2
70700,15
70705,7
70705,12
70705,4
70705,10
70705,2
70705,15
70706,7
70706,12
70706,4
70706,10
70706,2
70706,15
70713,7
70713,12
70713,4
70713,10
70713,2
70713,15
70720,7
70720,12
70720,4
70720,10
70720,2
70720,15
70732,4
70732,9
70733,12
70733,4
70733,10
70733,2
70734,12
70734,4
70734,2
70736,12
70736,4
70736,10
70736,9
70736,15
70738,12
70738,4
70738,2
70741,12
70741,4
70741,2
70744,12
70744,4
70744,10
70744,9
70745,12
70745,4
70745,10
70745,9
70745,15
70746,7
70746,12
70746,4
70746,10
70746,2
70746,15
70749,16
70749,7
70749,12
70749,4
70749,10
70749,2
70749,15
70752,7
70752,12
70752,4
70752,10
70752,2
70752,9
70752,15
70753,7
70753,12
70753,4
70753,10
70754,7
70754,12
70754,4
70754,10
70754,2
70754,9
70754,15
70756,7
70756,12
70756,4
70756,10
70756,2
70756,9
70756,15
70758,7
70758,12
70758,4
70758,10
70758,2
70758,15
70759,12
70759,4
70759,10
70759,2
70759,9
70759,15
70771,4
70774,7
70774,12
70774,4
70774,10
70774,2
70777,16
70777,7
70777,12
70777,4
70777,10
70777,2
70807,4
70807,9
70822,4
70833,12
70833,4
70833,10
70833,2
70833,9
70843,4
70856,7
70856,12
70856,4
70856,10
70856,2
70856,15
70857,7
70857,12
70857,4
70857,10
70857,2
70857,15
70860,16
70860,12
70860,4
70860,10
70860,2
70860,15
70863,7
70863,12
70863,4
70863,10
70863,2
70863,15
70864,7
70864,12
70864,4
70864,10
70864,2
70865,7
70865,12
70865,4
70865,10
70865,2
70883,4
70912,4
70920,7
70920,12
70920,4
70920,2
70924,4
70926,4
70928,4
70929,4
70930,12
70930,4
70930,9
70931,12
70931,4
70931,9
70931,15
70933,4
70934,4
70934,9
70937,12
70937,4
70937,10
70937,5
70937,9
70946,4
70946,9
70952,4
70953,4
70954,4
70955,4
70957,4
70960,4
70965,4
70971,4
70984,4
70988,7
70988,4
70992,4
70993,4
70994,4
70998,4
70999,7
70999,12
70999,4
70999,10
70999,9
70999,15
71008,12
71008,4
71008,9
71009,4
71010,4
71011,4
71016,12
71016,4
71016,10
71016,9
71016,15
71019,4
71021,4
71025,12
71025,4
71025,10
71025,2
71025,9
71025,15
71026,4
71032,4
71033,4
71036,12
71036,4
71036,9
71037,4
71039,4
71040,4
71041,4
71042,4
71044,4
71045,4
71046,4
71047,4
71049,4
71051,4
71052,4
71054,4
71056,12
71056,4
71056,10
71056,9
71056,15
71057,4
71061,4
71062,4
71064,7
71064,12
71064,4
71064,2
71064,9
71067,4
71073,7
71073,12
71073,4
71073,10
71073,2
71073,9
71073,15
71075,7
71075,4
71076,7
71076,4
71078,4
71084,7
71084,12
71084,4
71084,10
71084,9
71085,4
71086,7
71086,4
71088,4
71093,7
71093,4
71094,12
71094,4
71094,10
71094,9
71114,4
71116,12
71116,4
71116,9
71117,4
71118,4
71119,4
71120,4
71121,4
71122,4
71123,4
71124,4
71125,4
71126,4
71127,4
71128,4
71129,4
71130,4
71131,4
71136,4
71137,4
71139,4
71153,12
71153,4
71153,10
71153,15
71169,4
71171,12
71171,4
71182,7
71182,12
71182,4
71182,10
71182,15
75004,7
75004,12
75004,4
75004,2
75004,9
75006,12
75006,4
75006,9
75011,12
75011,4
75011,10
75011,9
75011,15
75020,7
75020,12
75020,4
75020,9
75032,12
75032,4
75033,12
75033,4
75033,10
75033,9
75039,12
75039,4
75039,10
75039,2
75039,15
75048,12
75048,4
75048,10
75048,9
75051,16
75051,7
75051,12
75051,4
75052,7
75052,12
75052,4
75052,9
75067,16
75067,12
75067,4
75067,10
75067,2
75067,9
75067,15
75068,12
75068,4
75068,10
75068,9
75068,15
75069,12
75069,4
75069,6
75069,9
75069,15
75070,12
75070,4
75070,10
75070,9
75070,15
75073,7
75073,12
75073,4
75073,10
75073,9
75074,12
75074,4
75074,10
75074,9
75075,7
75075,12
75075,4
75076,7
75076,12
75076,4
75076,10
75076,5
75076,9
75076,15
75078,12
75078,4
75078,5
75078,9
75079,7
75079,12
75079,4
75079,10
75079,9
75079,15
75080,12
75080,4
75080,9
75081,16
75081,7
75081,12
75081,4
75081,5
75081,9
75082,12
75082,4
75082,5
75082,9
75083,12
75083,4
75083,10
75083,9
75083,15
75085,7
75085,12
75085,4
75085,9
75085,15
75086,12
75086,4
75086,10
75086,15
75087,12
75087,4
75087,9
75087,15
75089,4
75089,6
75089,9
75089,15
75090,7
75090,12
75090,4
75090,10
75090,9
75090,15
75094,12
75094,4
75094,9
75095,12
75095,4
75095,10
75095,9
75095,15
75097,7
75097,12
75097,4
75098,16
75098,7
75098,12
75098,4
75098,9
75100,7
75100,12
75100,4
75100,9
75100,15
75101,12
75101,4
75101,9
75102,7
75102,12
75102,4
75102,9
75103,12
75103,4
75103,10
75103,5
75103,9
75104,16
75104,7
75104,12
75104,4
75104,10
75104,9
75104,15
75105,16
75105,7
75105,12
75105,4
75105,9
75105,15
75106,12
75106,4
75106,10
75106,9
75109,7
75109,12
75109,4
75110,12
75110,4
75110,9
75111,12
75111,4
75111,9
75111,15
75112,12
75112,4
75112,10
75112,9
75112,15
75113,12
75113,4
75113,9
75113,15
75114,12
75114,4
75114,10
75114,9
75114,15
75117,12
75117,4
75117,10
75117,9
75118,12
75118,4
75118,9
75119,7
75119,12
75119,4
75121,12
75121,4
75123,12
75123,4
75123,10
75123,9
75126,7
75126,12
75126,4
75126,10
75126,9
75126,15
75128,12
75128,4
75128,9
75128,15
75129,12
75129,4
75129,5
75129,9
75131,12
75131,4
75131,10
75131,9
75131,15
75132,12
75132,4
75132,10
75132,15
75133,12
75133,4
75133,9
75134,12
75134,4
75136,4
75136,10
75136,9
75136,15
75137,12
75137,4
75139,12
75139,4
75139,10
75139,9
75139,15
75142,12
75142,4
75142,9
75143,12
75143,4
75144,7
75144,12
75144,4
75144,10
75144,9
75145,7
75145,12
75145,4
75145,9
75145,15
75146,12
75146,4
75146,5
75146,9
75146,15
75148,12
75148,4
75149,12
75149,4
75149,10
75149,5
75149,9
75149,15
75150,7
75150,12
75150,4
75150,10
75150,9
75151,7
75151,12
75151,4
75151,10
75151,5
75151,9
75151,15
75153,7
75153,12
75153,4
75154,12
75154,4
75154,5
75154,9
75154,15
75155,12
75155,4
75155,9
75156,10
75156,9
75156,15
75157,7
75157,12
75158,7
75158,12
75159,12
75159,9
75160,9
