id,alwaysopen,_version,xcoord,ycoord
10103,false,0,9.8840464361157,57.036830869958
10104,true,0,9.9262212608304,57.042258619817
10105,false,0,9.9313267079863,57.039384553290
10107,true,0,9.0840273060424,54.939641561731
10108,true,0,9.2376542112572,54.931531935627
10111,false,0,8.8753744241653,54.948049405956
10116,true,0,12.493875174309,55.994820616310
10117,true,0,9.7741450599377,54.910981447531
10120,false,0,8.4683600000000,55.46292
10124,false,0,11.897383456302,55.015826021707
10128,false,0,10.619177716044,55.063499657713
10135,false,0,9.6469049874239,55.794704169521
10140,false,0,8.9472793291250,56.137458471578
10142,false,0,8.4534159008939,55.507467889347
10145,true,0,9.9960785109780,57.448690919610
10146,false,0,8.6120180749547,56.364048919516
10151,false,0,9.1496424873371,56.139295957500
10154,true,0,9.5604648158169,56.764445557517
10155,false,0,12.282596976593,56.070159027304
10156,false,0,8.9784756572647,56.108383735620
10157,false,0,8.7960948471412,56.262241354476
10158,true,0,9.0110573598847,56.408054158370
10160,true,0,9.9319961025309,57.059938619197
10169,false,0,9.2992449410000,55.981610619933
10171,false,0,10.049869338410,56.439275172114
10172,false,0,10.042169668100,56.476098258031
10177,true,0,9.9685008597754,57.260935161783
10189,false,0,8.8535461719708,56.793108422818
10191,false,0,9.4338589159240,56.448945746899
10195,true,0,9.3918687600757,56.450117921852
10198,true,0,9.6089410915376,54.932944677953
10199,true,0,9.4937825008174,55.325762440915
10201,true,0,9.4217879590740,55.040798864907
10206,true,0,8.1267172051381,56.015481040583
10208,true,0,10.166770269165,56.150452989853
10210,true,0,10.216080186927,56.174987147255
10212,false,0,10.195708753588,56.184394178019
10213,false,0,10.182620859366,56.139801170273
10216,true,0,11.140295185348,55.339687033633
10224,true,0,14.794746901071,55.281488184007
10226,true,0,10.314544036905,55.337858040768
10228,false,0,9.7479851629296,55.501428384527
10229,false,0,10.091786736792,55.551290878399
10230,true,0,9.8473320310352,55.843500439974
10234,false,0,10.113066499276,55.269866289747
10235,false,0,10.357140297185,55.367853689636
10237,false,0,10.475534887188,55.431440334756
10238,false,0,10.395108439980,55.304936246932
10243,true,0,9.560411,56.138618
10245,true,0,10.168532862612,56.164947358920
10246,false,0,10.403769793857,55.407741131017
10248,false,0,9.7141358724231,55.777811958120
10250,true,0,10.561178466538,55.372467118939
10252,false,0,11.151942779293,54.823925738713
10254,false,0,10.391624401957,55.361784143305
10255,true,0,11.854523625824,54.768135562946
10257,false,0,11.488558787134,54.775333762904
10260,false,0,11.804515850176,54.901943924778
10264,false,0,9.8888526183222,55.868204650160
10265,false,0,11.968940771482,55.121313673503
10266,false,0,12.284048740272,54.991723665129
10269,false,0,12.167989890019,55.218282182945
10270,false,0,10.040096374340,56.086322005781
10271,false,0,11.748068249171,55.227890395646
10276,true,0,11.975167108177,55.491700486838
10279,false,0,12.147010322193,55.422133448069
10280,false,0,12.239953146426,55.345873711519
10282,false,0,11.568398977112,55.416940775247
10284,true,0,11.710521506195,55.541012780558
10287,true,0,11.740470940001,55.673561302424
10289,false,0,11.598298428194,55.803810637412
10290,false,0,11.670550,55.926381
10291,false,0,9.4810100848658,55.487855379008
10292,false,0,11.502951906452,55.650798782185
10295,false,0,11.499516202136,55.813002300179
10296,false,0,12.111481669840,55.760259617670
10299,false,0,9.4571408039074,55.505234576835
10302,true,0,11.862226803975,55.589273761318
10303,false,0,11.855998798296,55.688657633742
10304,false,0,12.172581527456,55.850873217702
10306,false,0,11.959121405997,55.754354044284
10308,true,0,12.047711402728,55.947016629582
10311,false,0,12.139882362943,56.066789027490
10317,false,0,12.367526510280,55.782237153914
10318,true,0,12.162229506140,55.488437827786
10320,false,0,10.346726557484,55.422624078147
10323,false,0,12.545430740752,55.722739601809
10328,true,0,8.5491186010040,55.152560066670
10329,true,0,8.8251687062670,55.058358164521
10331,true,0,9.5967370724426,54.923633087514
10332,false,0,9.2193505005168,55.076495726221
10333,false,0,10.414041469678,55.393249237225
10336,true,0,8.872411,54.938909
10339,true,0,8.7274186111790,55.195712287076
10344,false,0,9.4904654066170,55.245091775948
10345,true,0,9.5799083621113,55.675273813113
10346,true,0,9.1397454565369,55.485631695070
10347,false,0,9.2997371852879,55.616044983111
10350,true,0,9.3516682739659,54.831538040287
10351,false,0,9.5562804587767,55.452683485447
10355,true,0,10.217890435223,56.188390299684
10356,false,0,9.4845045392282,55.854991315273
10357,true,0,9.3776178990970,55.706259056488
10359,false,0,10.720872509529,54.939879012621
10364,true,0,8.4659050782695,55.486736835143
10367,false,0,10.289949803466,56.225811301468
10368,false,0,10.145120317160,56.103917331087
10369,true,0,8.4931268321908,55.479318991645
10372,false,0,8.4840626213268,55.617760483371
10373,false,0,8.6289375848834,55.807937283899
10374,false,0,8.2813090570400,55.780543590708
10377,true,0,8.5180775853529,55.903747595519
10378,false,0,10.611732153595,55.041358183245
10380,true,0,8.2501092410409,56.087816526992
10383,false,0,9.5754084325533,55.782267050467
10387,true,0,8.3243102860865,56.276154630809
10390,true,0,8.3062480882851,56.516434579832
10391,false,0,8.3076786277225,56.416728004784
10392,true,0,8.1879069776247,56.618357301002
10393,false,0,9.5701853672498,55.722548398986
10394,true,0,8.5833440891343,56.488791736888
10395,true,0,8.3035308313738,56.549689788671
10396,false,0,9.3946072599824,55.964575465938
10397,true,0,9.312426,55.437129
10400,true,0,12.162882880643,55.490003863383
10403,false,0,9.3262481486477,55.073452236027
10407,true,0,9.4822155926097,55.471854978427
10420,true,0,8.593409,56.363619
10426,false,0,10.003823290702,55.715702497060
10428,false,0,11.312597003055,55.254537048664
10430,true,0,9.2848069832076,56.140329925885
10432,false,0,9.3137861952910,56.265550232040
10435,true,0,9.5366092466603,56.181864590781
10437,false,0,9.7472505511835,55.967112491703
10440,false,0,9.0499488140836,56.559346799862
10441,false,0,8.7771402515105,56.477735610125
10442,false,0,9.0107134280691,56.569412566180
10443,false,0,10.090095715246,56.237287435109
10444,false,0,10.006268880356,56.151627325637
10445,true,0,10.678700525604,56.201609266186
10450,true,0,10.081906900370,56.043576874748
10452,false,0,10.090329038545,56.187959307670
10453,false,0,10.129683510369,56.152489878918
10454,false,0,8.407241,55.503515
10455,true,0,9.727991,57.373163
10456,false,0,9.9117315901967,56.359166759808
10457,false,0,10.056843210768,56.326815367761
10458,false,0,9.6723287881273,56.379819490732
10459,false,0,9.8556877264824,56.235184365421
10460,false,0,9.9415931655218,56.517547682365
10461,false,0,10.036430023526,56.439513744609
10462,false,0,11.140624199574,55.338763985841
10464,false,0,10.137008302682,56.439839629086
10465,true,0,10.209440755877,56.302925473746
10466,false,0,10.468107091513,56.302486749539
10467,false,0,10.506229211356,56.381022230824
10468,true,0,10.687784661856,56.302125787900
10469,false,0,10.671948764642,56.191909494034
10486,false,0,10.070892927386,56.413203681649
10487,true,0,8.5335059547210,56.846027007427
10491,true,0,9.3402443412048,56.774004625085
10492,true,0,9.8019079834203,56.629005809097
10494,true,0,8.6816038734712,57.023346964115
10498,false,0,9.3424128395237,57.088456922702
10499,true,0,9.5285285932411,57.097456625231
10503,false,0,9.8552268054868,56.974046242569
10504,false,0,12.624194876462,55.627187743946
10505,false,0,10.057077425075,56.810244040964
10506,true,0,9.8587219302409,57.114515390093
10510,false,0,12.374895154315,55.731301003006
10511,false,0,9.6760254110522,57.221228382948
10517,true,0,10.154818,55.929962
10518,false,0,9.9581820593559,57.587870927993
10519,true,0,10.184444828105,57.581389697345
10521,false,0,10.001090193663,57.456057003677
10522,false,0,10.509806090785,57.446675312820
10525,false,0,12.556473395216,55.745367743167
10526,true,0,8.488669,55.959504
10530,false,0,12.429200625381,55.831784868231
10535,false,0,8.628448,57.116054
10538,false,0,10.07638,56.16183
10543,false,0,10.23132,56.14249
10553,false,0,9.6349678559389,56.981698995055
10565,true,0,12.589009859688,55.683256735939
10567,false,0,12.599180663952,55.639302550184
10573,true,0,12.540365372599,55.653591200778
10585,true,0,10.790720863317,55.317875600948
10588,false,0,9.94488,57.06841
10601,false,0,9.9462654274895,56.048375507355
10603,false,0,12.424602669446,55.618329109665
10610,false,0,12.476633097666,55.733620225593
10615,false,0,12.518996772778,55.690036785350
10617,true,0,9.4802306918037,55.484458172797
10622,false,0,12.547314336487,55.679117242639
10626,false,0,9.414754,56.284143
10629,true,0,11.925959597462,54.58231844017
10650,true,0,10.451000880225,57.313109967841
10653,true,0,12.462675509005,55.692508097253
10656,false,0,12.535922583321,55.762137568425
10659,true,0,9.9410335613333,57.220732446128
10663,true,0,9.5880280990754,55.747636715285
10666,true,0,12.460125046647,55.645722940437
10667,false,0,12.540091595979,55.738193230532
10668,true,0,12.279620041558,55.645502352215
10670,false,0,10.661310137483,55.451737626296
10672,true,0,9.3186602503637,55.252774022076
10674,false,0,12.288192940725,55.646929895830
10677,true,0,12.48096,55.7972
10689,false,0,9.0987651011126,56.136507373428
10690,false,0,12.538302997187,55.706898845572
10692,true,0,12.521568119720,55.775236186340
10694,false,0,9.0595126961927,55.192798337048
10697,true,0,9.3807469899201,55.068389093591
10701,false,0,10.494853274869,55.368729711447
10702,false,0,12.52921,55.81533
10705,false,0,12.388044972476,55.666348219363
10708,false,0,12.512993121088,55.754972727422
10724,false,0,12.454787027349,55.671290914715
10725,false,0,12.370770649271,55.664251210753
10729,false,0,12.542910718300,55.885180429105
10732,false,0,12.377206841433,55.722839937176
10734,true,0,12.5257,55.70506
10735,true,0,12.43875,55.70446
10737,true,0,12.389153000877,55.676866041754
10738,true,0,12.62471,55.62701
10742,true,0,12.585867272195,55.706587045609
10743,true,0,12.53568,55.69867
10747,true,0,9.985175,57.575969
10749,false,0,9.7788480756050,55.889592298836
10750,false,0,12.590081044940,55.778014613887
10752,true,0,12.60238,55.66883
10753,true,0,12.50452,55.64695
10759,true,0,12.57634,55.7161
10760,false,0,12.599845090520,55.660041238458
10765,false,0,12.522556754156,55.729382074511
10766,true,0,9.0701390347003,55.175394302045
10768,true,0,12.282394775028,55.629500162188
10770,true,0,12.657041968836,55.631223014230
10771,false,0,9.7839700065766,54.922705267107
10774,true,0,10.805566112163,55.309594165085
10776,false,0,12.403003290358,55.719917992018
10777,true,0,9.3408163203776,54.832109571159
10778,true,0,12.34039,55.66182
10779,false,0,12.497684383153,55.883258902243
10781,true,0,9.9492952039213,57.359099441883
10783,false,0,12.505375009678,55.666348082369
10784,true,0,12.49676,55.6594
10785,false,0,8.7060191948368,56.957182369437
10788,true,0,12.60011,55.63984
10790,false,0,12.491521693932,55.688420542647
10791,true,0,9.6351008254517,55.544308048516
10792,true,0,12.45139,55.7196
10793,true,0,12.44216,55.84058
10794,true,0,12.48148,55.69091
10795,true,0,12.34879,55.59857
10796,true,0,12.37372,55.73013
10798,true,0,12.55805,55.65807
10799,false,0,14.712384692919,55.097758763289
10801,false,0,12.541533126677,56.075071037842
10802,false,0,12.402999290905,55.968232252548
10804,true,0,12.52533,55.64991
10806,true,0,12.48607,55.73929
10807,false,0,11.799695323302,55.460166735549
10809,false,0,12.026854439312,55.460605376663
10811,true,0,11.86715,54.78112
10813,false,0,12.388441466012,55.863123276400
10815,true,0,12.066035367769,55.843827925059
10816,true,0,12.07506,55.84393
10817,false,0,12.313180883099,56.121653133441
10818,true,0,11.13026,54.83376
10819,false,0,12.534012706306,55.990125297489
10820,false,0,12.320534521090,55.585750413885
10821,false,0,12.198481428722,56.016048448124
10822,false,0,12.297162444470,55.582607943707
10827,true,0,11.78624,55.25389
10828,true,0,12.601310301061,56.030305688909
10829,true,0,11.89914,55.01431
10830,true,0,12.59253,56.02793
10831,true,0,12.28663,55.93242
10833,false,0,12.521259204607,55.964646253522
10835,true,0,11.3996,55.41522
10836,true,0,12.328925559577,55.599751224092
10837,true,0,11.71526,55.70575
10838,true,0,12.18574,55.48217
10842,false,0,11.090903805217,55.684397580119
10843,false,0,12.346759557156,55.869480050958
10844,false,0,9.7169130661136,55.536954915999
10845,false,0,11.726810088900,55.697752590126
10846,false,0,12.323718829829,55.746991001342
10847,false,0,12.172938132735,55.446503288369
10848,false,0,12.190225155224,55.447476722835
10849,true,0,12.11944,55.64304
10850,false,0,12.312007013165,55.933407509786
10851,true,0,11.75935,55.23403
10852,false,0,9.5504341969276,56.162683000029
10853,false,0,12.487191908059,55.937657932401
10855,false,0,11.867331141760,54.781669083229
10858,true,0,11.78954,55.42901
10859,true,0,11.11753,55.66482
10860,true,0,9.4835444813185,55.253883640580
10861,false,0,11.753695053444,55.216752780186
10863,true,0,11.3417,55.39776
10864,true,0,10.16789,56.13246
10865,true,0,8.6373509199160,56.365962232262
10866,true,0,9.82742,55.87313
10868,true,0,9.85084,55.85571
10869,true,0,9.72824,55.56961
10870,false,0,12.084395729031,55.650403522085
10873,true,0,8.9362470929926,56.150399798288
10874,true,0,10.04582,56.45351
10875,false,0,12.052157039958,55.619240357196
10876,false,0,12.096634806551,55.641127952793
10877,true,0,9.55055,56.18674
10878,true,0,9.4993733511219,55.252298016848
10881,true,0,9.39369,56.45457
10883,false,0,11.360968666265,54.659322471007
10886,true,0,12.253404874431,55.634600325936
10891,true,0,9.47203,55.47037
10892,true,0,10.58651,55.06728
10893,true,0,11.340855039167,55.397940855254
10894,false,0,11.382697892067,55.711652198255
10895,true,0,10.228996632892,55.111443484756
10896,false,0,12.351135050120,55.616557230772
10897,true,0,10.3431,55.40796
10898,false,0,9.1550081523735,55.475662772074
10900,true,0,9.02388,56.55316
10901,true,0,10.37312,55.36728
10903,false,0,11.956968714906,55.169435029216
10909,false,0,9.8704351539511,55.977308736374
10910,true,0,9.45818,55.50505
10911,true,0,10.39576,55.37207
10912,true,0,9.99603,57.44798
10914,true,0,8.46773,55.47993
10915,true,0,10.50079,57.44708
10916,true,0,9.88748,57.01059
10917,true,0,9.80657,54.91811
10918,false,0,9.3746015636177,55.215410396321
10919,true,0,9.40373,55.04988
10921,true,0,9.49045,55.25142
10922,true,0,10.20072,56.17863
10924,true,0,10.0497,56.44235
10925,true,0,8.61379,56.37651
10926,true,0,10.3863,55.40655
10927,true,0,9.71714,55.53675
10928,true,0,10.20626,56.10396
10929,false,0,9.3720651460520,55.216943007803
10930,true,0,9.4895535900910,55.355969146560
10932,true,0,10.196095167379,57.470243262879
10933,true,0,9.1355571700511,55.937946593013
10934,true,0,11.608874665700,55.454965322320
10937,true,0,10.12588,56.16282
10938,true,0,9.14596,56.13841
10939,true,0,9.7423124957336,56.843529579880
10940,false,0,10.207182694662,56.107381687583
10943,true,0,9.99563,56.46634
10949,true,0,9.5895517601496,55.748471548066
10951,true,0,10.246489,56.201745
10952,true,0,8.453031,55.501631
10953,true,0,12.42067,55.69726
10955,true,0,10.13430,56.10778
10957,true,0,9.9204517,56.04272028
10959,true,0,10.236628231246,55.098811180597
10960,false,0,10.159288926964,57.152032874603
10962,false,0,10.781867766955,55.318275699743
10963,true,0,10.356968095164,55.394390385798
10965,true,0,10.399170466633,55.512426341703
10966,true,0,11.362741104004,55.387705334214
10967,true,0,8.581610,56.478846
10968,true,0,11.958496207899,55.165661112618
10969,false,0,9.5442567545522,55.708181219429
10970,false,0,9.3658004563081,55.065619922066
10971,false,0,9.9672990640064,57.020320869238
10972,false,0,10.150029491000,56.166256990381
10974,true,0,9.1392919751398,55.747541616937
10981,true,0,10.488335439566,55.236432423035
10984,true,0,9.0490749944844,56.549521315241
10987,true,0,10.511874965885,57.389456291199
10988,true,0,9.8688354397454,54.985667064333
21209,false,0,12.73014,56.07712
21225,true,0,12.70857,56.06258
21273,true,0,15.64324,56.20689
21301,false,0,12.97133,56.54112
21302,false,0,12.96930,56.54070
21313,true,0,13.20324,55.72051
21314,true,0,13.18234,55.67978
21349,false,0,13.06273,55.57847
21350,false,0,13.04735,55.62785
21352,true,0,13.02821,55.60834
21405,true,0,12.85302,55.87145
21469,false,0,13.16181,55.37600
21507,false,0,14.76132,56.88404
21510,false,0,14.82344,56.90422
21520,false,0,14.47287,57.35600
21535,true,0,12.87331,56.24841
22123,true,0,12.54201,57.66300
22171,false,0,14.45079,58.00149
22181,false,0,17.08007,61.74136
22182,true,0,18.13002,59.19988
22183,false,0,12.01124,57.66525
22184,true,0,12.05994,57.47490
22185,false,0,18.12842,59.46111
22186,true,0,11.25987,58.91440
22189,true,0,14.074957,57.165646
22190,true,0,12.911383,56.655432
22191,true,0,17.902818,59.267872
22215,false,0,11.91830,57.70686
22245,true,0,11.98848,57.74829
22279,true,0,12.08355,57.48401
22297,true,0,12.26188,57.76315
22348,true,0,11.98454,57.64596
22457,false,0,14.18198,57.66597
22602,true,0,12.54502,57.93509
22604,false,0,15.84767,59.38942
22605,false,0,17.89623,59.60697
22606,false,0,17.94123,59.64869
22608,true,0,14.91323,58.88673
22609,false,0,11.93257,57.63461
22611,true,0,14.11715,57.86611
22612,true,0,12.23462,59.02589
22616,false,0,12.97137,57.71823
22618,true,0,18.16131,59.17765
22620,true,0,12.91977,55.56036
22621,false,0,17.53980,59.56036
22622,true,0,12.15348,58.80363
22624,true,0,18.05089,59.39582
22625,true,0,14.43482,59.24193
22626,true,0,12.96260,56.00580
22629,true,0,17.08307,59.65361
22630,false,0,16.49341,59.37260
22631,true,0,16.52566,59.36326
22633,false,0,12.52281,56.89844
22636,false,0,15.80745,58.70185
22637,false,0,16.59935,59.05117
22638,true,0,12.26706,58.47557
22639,false,0,12.81873,56.35445
22644,true,0,11.98369,57.71644
22645,true,0,11.99273,57.70645
22647,false,0,11.91984,57.71881
22648,false,0,12.01465,57.76405
22650,true,0,12.02520,57.72319
22651,false,0,11.91633,57.64887
22654,false,0,11.98215,57.73029
22655,true,0,11.88823,57.66043
22656,true,0,11.89890,57.63484
22657,false,0,12.73369,56.82034
22658,false,0,17.32855,59.03988
22660,true,0,15.10187,59.06821
22662,true,0,null,null
22665,true,0,16.86852,59.93499
22667,false,0,12.72708,56.02221
22668,false,0,12.72100,56.06873
22669,false,0,11.68157,58.23247
22670,false,0,17.97777,59.24076
22672,true,0,13.24044,57.00565
22673,true,0,17.88653,59.35192
22674,true,0,12.43523,57.61907
22675,true,0,17.83889,59.36472
22679,true,0,16.00970,57.16737
22680,true,0,11.64704,57.69859
22682,false,0,18.42614,59.28269
22683,false,0,17.84513,59.42887
22684,false,0,14.19106,57.75878
22685,false,0,14.14891,57.78885
22686,true,0,16.33714,56.69168
22688,true,0,14.88218,56.16677
22689,true,0,14.54287,59.33115
22691,true,0,13.46502,59.38057
22694,false,0,16.18770,58.99226
22695,true,0,13.32362,59.50451
22696,true,0,15.63818,57.98700
22701,false,0,15.14299,59.12966
22706,true,0,14.57510,57.17061
22708,true,0,12.29957,57.66820
22709,true,0,14.62499,58.98236
22710,true,0,15.27896,56.99716
22711,true,0,18.12566,59.36477
22714,false,0,15.59735,58.40784
22715,false,0,15.66501,58.40089
22717,false,0,13.92874,56.83064
22718,true,0,12.15346,58.02866
22720,true,0,12.982546,55.589096
22721,true,0,13.04480,55.61581
22723,false,0,13.03265,55.57355
22724,false,0,13.82075,58.70569
22726,true,0,18.01177,59.29985
22727,true,0,15.06748,58.54095
22729,true,0,13.87171,57.91401
22731,true,0,15.80821,57.38885
22733,false,0,12.01687,57.64891
22734,false,0,16.43460,57.03519
22737,false,0,16.22313,58.57996
22738,true,0,16.16671,58.60279
22739,false,0,16.18063,58.59505
22740,false,0,16.18139,58.57659
22745,true,0,16.98672,58.74979
22747,false,0,16.44796,57.25209
22749,false,0,17.69097,59.84597
22752,true,0,15.67902,58.13845
22753,false,0,17.94054,59.38059
22756,false,0,17.93064,59.33640
22757,false,0,18.27086,59.28622
22758,false,0,13.44815,58.38511
22762,true,0,18.15389,59.21687
22763,false,0,15.32227,59.12968
22765,false,0,17.94510,59.42284
22766,true,0,17.99580,59.36064
22767,false,0,17.90731,59.38575
22770,false,0,18.05968,59.34919
22776,true,0,18.00813,59.25011
22781,false,0,12.07862,57.73342
22782,true,0,17.62788,59.18695
22783,true,0,17.65037,59.18806
22784,false,0,14.59445,56.05925
22785,true,0,14.09765,57.68205
22788,true,0,11.73397,58.03804
22789,true,0,13.98920,55.93180
22790,false,0,14.97939,58.04053
22792,true,0,12.30934,58.28857
22793,true,0,17.55090,58.90985
22794,true,0,13.93348,55.55536
22795,true,0,17.82462,59.19181
22796,true,0,12.39198,57.04359
22797,false,0,18.05570,59.48392
22798,true,0,18.08107,59.44984
22799,true,0,14.12817,58.70946
22800,true,0,11.91520,58.35246
22802,true,0,17.65725,59.86983
22803,true,0,17.62983,59.86720
22804,true,0,17.69775,59.82057
22808,true,0,12.95711,58.26740
22810,false,0,12.26245,57.12444
22812,true,0,12.64612,56.97810
22814,true,0,17.79837,59.41314
22815,false,0,15.84668,57.66621
22816,true,0,15.86658,59.03841
22821,false,0,16.57629,59.61468
22824,true,0,16.59978,59.62273
22827,true,0,14.82056,56.85515
22828,false,0,13.82283,55.43624
22831,false,0,18.27981,59.49368
22832,true,0,12.70163,59.05956
22835,true,0,12.92612,56.13515
22837,false,0,18.17383,59.25202
22839,true,0,15.24166,59.26107
22840,true,0,15.20618,59.29640
23117,true,0,18.03505,59.26048
23131,true,0,17.97518,59.33321
23149,true,0,18.03474,59.41264
23185,true,0,18.09938,59.26335
23391,true,0,18.00960,59.38030
23425,true,0,18.05763,59.36150
23509,true,0,17.64272,59.17506
23611,true,0,17.91981,59.51399
23645,true,0,17.91420,59.27156
23649,true,0,null,null
23653,true,0,18.21921,59.24327
24209,true,0,17.07933,60.66746
24290,false,0,15.00469,60.73674
24297,true,0,15.55997,58.40580
24298,false,0,15.60630,58.39832
24364,false,0,15.95119,58.49032
24389,true,0,17.36418,62.34928
24477,true,0,14.67102,63.15980
24503,false,0,16.31377,58.48355
24533,true,0,17.66307,59.84660
24541,true,0,17.64126,59.87486
24542,true,0,17.66643,59.88538
24573,false,0,16.69605,59.60090
24587,true,0,16.56037,59.63558
24625,false,0,15.23238,59.26665
24643,true,0,16.50050,59.59525
24669,true,0,15.17743,59.27556
24701,true,0,17.56789,59.18849
24702,true,0,17.14759,60.64692
24705,true,0,17.56115,59.84854
24706,true,0,18.15817,59.18033
24707,true,0,15.03517,58.55649
24708,true,0,13.12773,55.37418
24709,true,0,16.98695,58.76975
24710,true,0,18.42814,59.31305
24715,true,0,11.92473,58.34357
24716,true,0,15.67376,62.52463
24717,true,0,16.58389,62.41761
24720,true,0,11.48113,58.38442
24723,true,0,15.82748889,59.42679444
24726,true,0,16.46445,59.61624
24728,true,0,21.0216,64.76678889
24731,true,0,12.95231,55.55597
24732,true,0,17.34401,62.44206
24733,true,0,16.21251,58.57376
24800,true,0,18.69657,59.75710
24801,true,0,17.66049,59.84911
24802,true,0,17.62811,59.86894
24803,true,0,17.07011,59.63755
24805,true,0,17.64451,59.20425
24806,true,0,18.12344,59.13892
24807,true,0,18.01338,59.27222
24808,true,0,null,null
24809,true,0,17.86198,59.37174
24810,true,0,17.93813,58.91864
24811,true,0,17.9296,59.5143
24812,true,0,18.16057,59.17477
24813,true,0,17.61196,59.20203
24814,true,0,17.68764,59.85831
24815,true,0,17.94209,59.36919
24816,true,0,18.105834,59.356974
24817,true,0,18.00496,59.35017
24818,true,0,18.17541,59.31195
24819,true,0,17.64181,59.15855
24820,true,0,17.89698,59.26604
24821,true,0,17.72703,59.47843
24822,true,0,17.07736,59.65786
24823,true,0,17.85769,59.25116
24824,true,0,18.38362,59.3077
24825,true,0,18.06468,59.24799
24826,true,0,17.85285,59.47737
24827,true,0,15.97544,59.51623
24828,true,0,16.49112,59.59506
24829,true,0,16.5076,59.3851
24830,true,0,15.2309,59.30565
24831,true,0,16.5693,59.64269
24832,true,0,15.88984,59.39598
24833,true,0,15.17291,59.25743
24834,true,0,16.6163,59.91716
24836,true,0,15.14012,59.15085
24837,true,0,16.23676,59.61061
24838,true,0,15.60126,58.41975
24839,true,0,15.63986,58.41632
24840,true,0,16.21561,58.59123
24841,true,0,15.11161,58.33122
24842,true,0,17.02861,58.74832
24843,true,0,16.59868,57.76454
24844,true,0,16.16161,58.57847
24845,true,0,15.67902,58.38573
24846,true,0,13.48065,59.38453
24847,true,0,14.1053,59.31544
24848,true,0,14.50824,59.32698
24849,true,0,13.52453,59.3823
24850,true,0,17.1605,60.66022
24851,true,0,15.40471,60.47462
24852,true,0,15.44236,60.47144
24853,true,0,17.09446,61.71707
24854,true,0,17.15325,60.68585
24856,true,0,17.26698,62.39279
24857,true,0,15.61724,60.6228
24858,true,0,21.4468,65.32343
24859,true,0,20.31168,63.80196
24860,true,0,17.33296,62.44224
24861,true,0,14.69057,63.1782
24863,true,0,11.94192,57.64105
24864,true,0,12.04558,57.61886
24865,true,0,12.06821,57.50569
24866,true,0,13.44352,58.38439
24867,true,0,12.55051,57.92909
24868,true,0,12.94036,57.73055
24869,true,0,13.17323,58.49867
24870,true,0,13.8535,58.40593
24871,true,0,12.97478,57.70347
24872,true,0,11.98464,57.87828
24873,true,0,13.83629,58.7097
24874,true,0,12.00096,57.68348
24875,true,0,11.98508,57.73008
24876,true,0,12.66728,57.49652
24877,true,0,11.95707,57.73024
24878,true,0,12.00518,57.73882
24879,true,0,12.94798,57.75356
24880,true,0,12.07796,57.74033
24881,true,0,11.91668,57.64673
24882,true,0,12.03357,57.80143
24883,true,0,13.87723,58.39326
24884,true,0,11.84975,57.706
24885,true,0,12.3215,58.29885
24886,true,0,11.82852,58.07736
24887,true,0,12.32468,58.36522
24888,true,0,11.91496,58.35384
24889,true,0,14.22208,57.77938
24890,true,0,14.69087,57.65825
24891,true,0,14.17397,57.76951
24892,true,0,14.1488,57.80917
24893,true,0,14.13804,56.02071
24894,true,0,14.84938,56.18519
24895,true,0,14.78631,56.87663
24896,true,0,15.58942,56.16679
24897,true,0,16.45904,57.2603
24898,true,0,14.16534,56.05811
24899,true,0,14.78006,56.88821
24900,true,0,15.63559,56.19569
24901,true,0,16.32554,56.69306
24902,true,0,15.09759,57.42435
24903,true,0,12.89294,56.66014
24904,true,0,13.94527,56.84155
24905,true,0,12.89,56.25121
24906,true,0,13.03335,56.50074
24907,true,0,12.49821,56.89546
24908,true,0,12.86908,56.69286
24909,true,0,12.26332,57.12295
24910,true,0,13.74794,56.15637
24911,true,0,12.72827,56.05239
24912,true,0,13.18972,55.69582
24913,true,0,13.30978,55.83302
24914,true,0,13.05696,55.57198
24915,true,0,12.74027,56.00547
24916,true,0,13.03905,55.60049
24917,true,0,13.18704,55.62898
24918,true,0,13.80597,55.44314
24919,true,0,12.98604,55.5636
24921,true,0,13.04827,55.58691
24922,true,0,13.91399,55.55999
24923,true,0,16.32436,56.66809
24924,false,0,18.04257,59.44021
24925,true,0,13.09474,55.60747
24926,true,0,12.79924,56.67318
24927,true,0,11.9332884,57.710328
24928,false,0,15.19668,59.25062
24929,true,0,14.952706,57.64749
25101,true,0,12.23315,58.95515
25102,true,0,11.94915,58.9305
25103,true,0,14.47952,59.32723
25104,true,0,12.77087,56.01617
25105,true,0,16.18477,58.61037
25106,true,0,17.17018,60.65793
25107,true,0,15.15444,60.89734
25108,true,0,17.33306,62.44885
25109,true,0,13.11474,61.69600
25110,true,0,17.03952,61.29345
25111,true,0,14.22841,60.51072
25112,true,0,16.71646,60.90961
25113,true,0,16.37586,61.34420
25114,true,0,15.72800,60.59010
25115,true,0,15.41578,60.52732
25116,true,0,16.97769,60.39497
25117,true,0,13.72910,60.68323
25118,true,0,14.53361,60.99121
25119,true,0,14.03077,61.23759
25120,true,0,15.17786,60.12938
25122,true,0,17.21083,60.69355
25123,true,0,16.26761,60.54132
25124,true,0,12.63148,57.49114
25125,true,0,17.13099,60.93942
25126,true,0,15.02180,60.08251
25127,true,0,17.08478,61.64313
25128,true,0,14.59625,61.00484
25129,true,0,15.47628,60.48707
25130,true,0,17.164158,60.684509
25131,true,0,17.40131,60.64039
25132,true,0,13.10692,56.20645
25133,true,0,11.25128,58.86163
25134,true,0,12.68025,59.04508
25135,true,0,12.89547,56.65791
25136,true,0,12.85863,55.86683
25137,true,0,15.88902,56.74526
25138,true,0,12.97068,58.25430
25140,true,0,13.56130,59.37588
25141,true,0,11.99026,58.35237
25142,true,0,14.83157,56.91046
25143,true,0,15.80818,58.70187
25144,true,0,16.18702,58.99390
25147,true,0,15.67498,58.41835
25148,true,0,11.99413,57.76103
25150,true,0,14.17758,57.76207
25151,true,0,13.67844,60.01270
25152,true,0,18.01886,59.29413
25153,true,0,12.13478,59.39563
25154,true,0,15.08556,57.41386
25155,true,0,17.64452,59.17207
25157,true,0,15.62969,56.19816
25158,true,0,20.96847,64.73217
25159,true,0,13.81965,58.68030
25161,true,0,17.54934,59.84607
25162,true,0,13.05128,55.55900
25163,true,0,11.82851,57.70101
25166,true,0,16.75622,60.62670
25167,true,0,20.29805,67.84676
25168,true,0,17.32792,62.49493
25169,true,0,15.91055,60.74670
25170,true,0,15.14128,60.55863
25171,true,0,21.43889,65.31731
25172,true,0,17.46301,60.56089
25173,true,0,18.79413,63.31166
25174,true,0,14.37169,62.64268
25175,true,0,13.91258,56.81828
25176,true,0,11.46506,58.29155
25177,true,0,15.01624,58.53872
25178,true,0,15.15610,58.33572
25180,true,0,15.65608,62.52162
25181,true,0,16.18281,62.50109
25182,true,0,15.48346,62.42049
25183,true,0,23.18428,65.85330
25184,true,0,16.40636,61.33188
25185,true,0,16.59226,57.76515
25186,true,0,11.33366,58.72790
25187,true,0,13.41003,58.37205
25188,true,0,15.40988,60.47320
25189,true,0,14.11725,55.99397
25190,true,0,13.01435,55.62102
25194,true,0,13.12528,59.84209
25195,true,0,17.68174,59.84625
25196,true,0,16.84071,59.93102
25197,true,0,13.10956,55.37960
25198,true,0,16.48811,59.58633
25200,true,0,14.69469,57.67660
25201,true,0,16.160978,60.135041
25202,true,0,16.16749,58.62340
25203,true,0,20.66084,67.15179
25204,true,0,13.41778,57.16210
25205,true,0,14.81806,56.16570
25206,true,0,12.90956,56.25550
25207,true,0,15.90257,61.80208
25208,true,0,17.13716,61.20927
25209,true,0,15.50189,60.68390
25210,true,0,14.96819,60.49459
25211,true,0,21.41082,65.33931
25212,true,0,15.113368,61.169715
25213,true,0,13.33075,61.06935
25214,true,0,16.58873,60.59951
25215,true,0,17.88590,60.19183
25218,true,0,15.84169,61.37087
25220,true,0,22.07852,65.57093
25221,true,0,24.10791,65.82943
25229,true,0,15.59266,60.414938
25230,true,0,14.06321,60.47955
25239,true,0,13.40723,60.87783
25240,false,0,15.08653,58.32195
25241,true,0,15.126111,59.240556
25242,false,0,17.66897,59.88511
25243,true,0,13.09453,55.60738
25801,true,0,20.27674,63.80217
25802,true,0,14.16927,57.74156
25803,true,0,17.87675,59.38851
25805,true,0,18.33610,63.05742
25807,true,0,14.21814,58.86103
25808,true,0,13.57413,57.29615
25809,true,0,14.165334,57.670085
25813,true,0,15.82119,57.50370
25814,true,0,15.8678,57.6587
25815,true,0,13.81145,56.15846
25816,true,0,14.9556,58.0156
25818,true,0,13.38002,56.14240
25821,true,0,15.1758,59.2719
25822,true,0,14.09806,59.31451
25825,true,0,11.99131,57.71581
25840,true,0,14.68339,63.16917
25841,true,0,17.3279,62.3862
25842,true,0,17.3214,62.447
25843,true,0,20.2191,63.8434
25849,true,0,22.0398,65.6245
25850,true,0,14.6479,63.212
25859,true,0,17.21708,63.17833
25861,true,0,16.9598,63.1508
25869,true,0,22.815771,66.259083
25883,true,0,20.209865570068,63.853058340330
25884,true,0,17.17290,61.18584
25885,true,0,17.10707,65.08817
25886,true,0,16.05905,61.82080
25914,true,0,16.99874,58.74768
25917,true,0,11.75601,58.39450
25918,true,0,13.92154,56.84612
25922,true,0,12.86316,57.70942
25923,true,0,15.00410,59.06401
25925,true,0,14.12861,59.29936
25932,true,0,19.446073,63.536877
25933,true,0,16.31415,56.67260
25934,true,0,14.77292,56.89150
25937,true,0,16.19460,60.14262
25939,true,0,12.68635,57.98137
25950,true,0,19.155912995338,65.600489580130
25951,true,0,12.97535,58.25478
25952,true,0,21.716237068176,65.808649714480
25959,true,0,null,null
25961,true,0,12.77517,56.01308
25966,true,0,13.13615,55.37331
25970,true,0,17.183225,60.658854
25971,true,0,16.575636,59.64221
25972,true,0,14.16033,57.67919
25973,true,0,18.114815,59.147889
25974,true,0,16.166133,58.61446
25976,true,0,14.82546,56.17341
25977,true,0,13.583762,58.170739
25978,true,0,13.30754,56.28876
25979,true,0,16.474175,59.387924
25980,true,0,12.29163,57.12755
25981,true,0,17.8989,59.3804
25982,true,0,15.45823,60.46794
25983,true,0,13.558513,59.376726
25984,true,0,null,null
25987,true,0,15.6745,58.4228
25989,true,0,14.16975,57.75086
25992,true,0,13.4863,58.5351
25993,true,0,17.36585,62.33892
26105,false,0,13.32660,55.84110
26107,false,0,13.08180,55.64582
26108,true,0,13.02809,55.72228
26112,true,0,13.77348,56.16188
26113,false,0,13.75507,56.15626
26114,false,0,12.56307,56.20059
26115,true,0,13.54459,55.92767
26116,true,0,13.14919,56.13532
26117,true,0,14.16149,56.03860
26119,true,0,14.173658,56.023358
26120,false,0,13.09125,55.68440
26124,false,0,12.96991,55.58601
26128,true,0,12.75967,56.01674
26132,true,0,13.39238,56.13866
26134,true,0,12.84136,55.40896
26135,true,0,13.49942,55.48291
26139,false,0,13.79098,55.43832
26141,false,0,13.22950,55.64258
26145,false,0,13.24732,55.51616
26199,true,0,14.29174,55.93029
26202,false,0,14.33642,55.54684
26205,false,0,14.03579,56.39408
26207,true,0,16.66382,56.87684
26209,false,0,12.84004,56.43016
26210,false,0,16.46276,56.64952
26214,true,0,15.28364,56.23813
26215,false,0,16.32025,56.67318
26217,false,0,14.84659,56.19056
26220,true,0,14.31907,56.39881
26221,false,0,15.93125,56.73469
26222,true,0,14.53750,56.27780
26224,false,0,14.09961,57.41816
26226,false,0,15.07542,57.42913
26227,false,0,14.05356,57.18195
26230,true,0,12.97319,56.25484
26232,false,0,12.84209,56.67250
26233,false,0,12.89184,56.67365
26235,true,0,13.97132,56.91847
26236,true,0,14.73399,57.64650
26238,false,0,13.33907,56.28470
26240,true,0,13.90588,56.81368
26307,true,0,12.36685,57.80074
26308,false,0,11.18579,58.94426
26311,true,0,12.02437,57.73592
26312,false,0,11.93532,57.67313
26314,false,0,12.12018,57.65831
26318,false,0,11.85494,57.94209
26320,false,0,12.46376,56.90792
26323,false,0,11.83216,58.01460
26326,true,0,11.72283,58.12486
26327,true,0,11.93277,58.36811
26330,false,0,11.93737,57.65963
26332,false,0,12.12552,57.95999
26333,false,0,12.27688,57.11251
26335,false,0,11.98525,57.40562
26336,false,0,11.65619,58.02406
26337,false,0,11.99619,57.71529
26340,true,0,12.27678,57.16772
26341,false,0,11.75724,58.39369
26342,true,0,11.84976,58.02486
26345,false,0,11.81697,58.06280
26348,false,0,11.98167,57.88114
26405,true,0,12.94890,57.70519
26407,false,0,12.55939,57.92979
26408,false,0,12.91691,57.71582
26409,true,0,14.21813,58.86104
26410,false,0,13.55523,58.16760
26412,true,0,13.01303,57.81383
26413,true,0,null,null
26415,true,0,12.69581,57.51222
26416,false,0,13.18011,58.49715
26418,false,0,13.84515,58.68552
26422,true,0,14.17508,58.41925
26423,false,0,13.95671,58.18165
26424,false,0,12.29508,58.27374
26425,true,0,13.86644,58.42015
26427,true,0,12.91254,58.21595
26428,false,0,12.80982,58.03737
26431,true,0,12.30418,58.38320
26434,true,0,14.09316,58.98634
26435,true,0,13.83597,58.38579
26437,true,0,14.25636,58.30268
26506,false,0,13.95181,57.75283
26511,true,0,14.18675,57.77877
26514,true,0,15.64621,58.39326
26515,false,0,15.58418,58.43111
26519,true,0,15.12482,58.32760
26522,true,0,16.13922,58.60658
26523,false,0,16.16168,58.61774
26525,true,0,16.58480,58.21135
26527,true,0,16.61718,57.75958
26533,true,0,15.29562,58.37226
26537,true,0,16.71883,59.14033
26540,true,0,17.09840,58.67271
26541,true,0,14.23560,57.78516
26542,false,0,16.41054,58.73020
26543,false,0,17.0339,58.7573
26606,true,0,17.64059,59.51436
26607,true,0,18.66788,59.29080
26609,false,0,17.78974,59.27854
26610,false,0,18.09735,59.23601
26617,false,0,17.84284,59.40635
26619,true,0,18.16392,59.30770
26623,true,0,18.06386,59.34282
26624,true,0,18.16173,59.31276
26626,true,0,17.92565,59.44140
26629,false,0,18.07251,59.51728
26631,true,0,17.83577,59.37577
26632,true,0,18.30601,59.47885
26634,false,0,17.01111,59.37659
26635,false,0,17.06158,59.63818
26636,true,0,17.60274,59.08697
26637,false,0,17.21792,59.25944
26638,true,0,17.85015,59.61596
26639,false,0,17.43657,59.17581
26642,false,0,17.74752,59.20049
26643,true,0,17.81237,59.74013
26645,false,0,17.01733,59.33220
26650,true,0,18.68884,59.75004
26655,true,0,17.92941,59.41365
26660,true,0,18.14207,59.17522
26802,false,0,15.00526,59.06382
26808,false,0,12.58512,59.65636
26812,true,0,12.24248,59.93089
26814,true,0,14.54372,59.70570
26815,false,0,14.53182,59.78586
26818,true,0,13.49703,59.39059
26819,true,0,13.51514,59.39363
26820,false,0,12.28847,59.87898
26821,true,0,14.10403,59.31540
26823,false,0,15.23275,59.58993
26826,true,0,15.10077,59.69971
26829,false,0,15.22400,59.28808
26830,false,0,14.17420,59.71311
26832,true,0,14.01154,59.36990
26836,true,0,16.46722,59.39440
26841,false,0,16.24809,59.59106
26843,false,0,15.02795,59.51827
26906,true,0,16.39738,61.35630
26907,false,0,15.61137,60.61848
26908,false,0,15.83125,61.37624
26909,true,0,14.80190,60.50962
26910,true,0,16.55259,61.79857
26911,false,0,17.24741,63.17156
26914,false,0,17.12015,60.64925
26915,false,0,17.16552,60.65862
26917,false,0,17.12662,60.68918
26918,false,0,15.97865,60.29588
26921,true,0,16.16425,61.70545
26922,true,0,16.56428,61.23012
26923,false,0,15.41791,60.51659
26925,false,0,15.11297,60.88875
26927,false,0,16.77146,60.60498
26929,true,0,14.36673,62.03392
26930,true,0,15.74723,60.35008
26931,true,0,17.03822,61.30073
26932,true,0,16.74086,60.62132
26933,false,0,15.80653,59.98391
26937,true,0,17.51876,60.34122
26938,true,0,18.36530,60.25959
26939,false,0,14.56142,61.01050
26941,false,0,14.62622,61.11552
26942,false,0,16.08316,61.82912
26944,false,0,13.19933,61.16553
27007,true,0,18.49986,63.19977
27016,false,0,17.26375,62.04498
27017,true,0,16.35244,63.11142
27020,false,0,17.91128,62.64323
27022,true,0,14.34061,62.99895
27023,true,0,17.75623,63.00523
27025,true,0,15.55487,63.85178
27028,true,0,16.17121,64.10746
27029,true,0,17.29545,62.38695
27032,false,0,17.34513,62.41388
27034,true,0,15.91968,62.53710
27036,true,0,13.86272,62.44862
27037,false,0,14.16931,63.31697
27040,true,0,18.71983,63.29672
27087,true,0,12.91812,63.39272
27105,false,0,19.19001,65.58753
27110,false,0,15.08612,65.81888
27114,true,0,19.91128,63.63800
27115,true,0,18.69237,64.58987
27116,true,0,18.74662,65.17898
27117,false,0,19.48775,63.57746
27119,true,0,20.90176,64.75716
27121,false,0,20.96435,64.73717
27123,true,0,17.12211,65.10939
27124,true,0,15.29177,65.71347
27126,true,0,20.28662,63.81920
27127,false,0,20.23168,63.83463
27130,false,0,18.68912,63.26789
27132,false,0,19.84483,63.91958
27133,true,0,21.68034,65.82164
27134,true,0,20.29559,63.85252
27139,true,0,20.25576,67.84936
27140,true,0,22.19072,65.58029
27141,true,0,22.14448,65.58160
27146,false,0,21.50542,65.41039
27191,true,0,22.13318,65.60357
27202,true,0,17.10070,61.73353
27204,false,0,17.30367,62.39366
27206,false,0,17.03410,62.36475
27207,true,0,16.65986,64.62456
27209,false,0,17.37670,62.27680
27210,false,0,14.61262,63.17931
27211,true,0,14.63939,63.19107
27213,false,0,17.48539,62.52851
27215,true,0,14.84606,63.31623
27217,true,0,18.69705,63.31482
27219,true,0,14.95153,62.17071
27220,false,0,17.41559,62.43225
27222,false,0,17.26336,62.39871
27223,true,0,24.12756,65.83923
27224,true,0,14.58231,63.17113
27225,false,0,20.31279,63.80244
27227,false,0,22.03246,65.63255
27228,true,0,17.36952,64.16775
27229,true,0,16.66239,63.01001
27230,false,0,18.70478,63.29046
27232,true,0,17.32798,62.48926
27235,true,0,21.49828,65.31041
27238,true,0,21.21062,64.95517
27239,true,0,21.19927,64.61733
27240,false,0,20.36912,63.70752
27241,false,0,20.65924,67.13790
27243,false,0,20.24067,63.81865
27247,true,0,19.82841,66.60842
27248,false,0,22.16622,65.73985
27249,false,0,20.27586,67.84802
27250,true,0,20.96662,64.75801
27253,true,0,12.61755,59.64794
27254,true,0,13.52727,59.82885
27255,true,0,15.64490,60.60461
27260,false,0,15.19051,60.15388
27261,false,0,16.78176,60.62494
27268,false,0,14.53822,61.01463
27270,true,0,14.23142,60.50879
27273,false,0,16.27719,60.54168
27274,true,0,13.13832,59.82829
27275,true,0,16.39037,61.35279
27309,true,0,18.45873,57.50093
27311,false,0,18.28718,57.63003
27313,false,0,18.31451,57.64490
27396,true,0,19.05581,57.86296
27403,true,0,12.48182,57.36001
27408,false,0,12.90923,56.07647
27413,true,0,16.21169,58.99552
27425,false,0,13.01375,55.46783
27426,true,0,12.58023,56.14635
27431,true,0,13.37909,57.12591
27440,true,0,13.95776,57.86715
27442,true,0,14.10531,57.88984
27449,true,0,11.69133,58.34208
27603,true,0,18.10112,59.30132
27605,true,0,15.43674,60.47833
27626,true,0,18.16120,59.73867
27637,true,0,13.30900,61.09991
27639,false,0,18.32554,59.40300
27651,false,0,12.62270,58.97367
27652,false,0,12.13702,59.39446
27830,true,0,13.02935,60.27499
40001,true,0,33.105540,68.934680
40002,true,0,33.105884,68.958915
40003,true,0,33.095318,69.002490
40004,true,0,32.893855,67.939922
40005,true,0,33.375212,67.570329
40006,true,0,32.403917,67.155655
40007,true,0,32.507158,67.372001
40008,true,0,33.418586,69.062643
40009,true,0,33.061123,68.928802
40101,true,0,28.350418,57.353169
40102,true,0,28.201802,56.356993
40103,true,0,28.328274,57.830120
40104,true,0,28.677211,56.730273
40105,true,0,29.395785,56.315445
40106,true,0,30.514897,56.304372
40107,true,0,30.575536,56.352002
40301,true,0,30.464796,59.889215
40302,true,0,30.748042,59.762031
40303,true,0,30.470686,59.967242
40304,true,0,30.280337,59.89109
40306,true,0,30.324025,59.781654
40307,true,0,30.326257,59.78295
40308,true,0,30.139696,59.543095
40309,true,0,30.300293,59.391975
40310,true,0,30.510921,59.805599
40311,true,0,30.431174,59.844109
40312,true,0,30.250211,59.997205
40313,true,0,30.449724,59.978015
40314,true,0,31.485226,59.56853
40315,true,0,30.647703,59.668147
40316,true,0,30.466579,59.988625
40317,true,0,30.303683,59.837851
40318,false,0,30.393253,59.793722
51002,false,0,11.44794178,59.71814346
51011,false,0,11.16650676,60.30233001
51019,false,0,11.15051651,59.92723846
51028,false,0,10.50577831,60.42078399
51033,false,0,10.59833812,60.3068161
51051,false,0,11.03175544,60.00479507
51053,true,0,11.05204391,59.96881485
51056,true,0,11.10348,60.02449
51058,false,0,11.22631073,60.02030944
51063,false,0,11.17080974,60.14193725
51064,false,0,11.17272853,60.18579864
51071,false,0,11.16905,59.58249
51109,false,0,10.65954399,59.84923553
51113,false,0,10.80671,59.81026
51115,false,0,11.3513565,59.41640472
51125,true,0,10.90815,59.34485
51127,false,0,10.83885097,59.71549987
51177,false,0,11.6733036,60.25507736
51181,true,0,11.74472713,60.24844741
51188,false,0,12.00498867,60.61267471
51201,false,0,11.39066,59.12067
51243,false,0,11.6758213,60.93272399
51248,false,0,11.95981788,61.75881576
51250,true,0,11.08722782,60.79699707
51254,false,0,11.07605934,60.80123519
51261,false,0,10.7868576,60.9811058
51278,false,0,11.05283165,61.49403762
51299,true,0,9.125269889,62.07412338
51302,false,0,9.753124237,61.59410476
51303,false,0,9.937378883,61.56069946
51306,false,0,9.702626228,61.66532897
51308,true,0,10.14966964,61.20386505
51314,false,0,10.44828987,61.12994766
51318,false,0,8.566840171,61.83671569
51319,true,0,10.14470577,61.52953338
51325,false,0,8.266305923,61.88335037
51327,false,0,8.11271,61.91202
51330,false,0,9.098856926,61.87709426
51335,false,0,10.3021,61.31284
51336,true,0,10.41588,61.26374
51354,false,0,9.232354164,60.98652648
51362,false,0,10.35287857,60.69695663
51383,false,0,10.61888,60.72935
51395,true,0,10.44215,59.83479
51403,false,0,10.59654,59.92787
51428,false,0,10.84295,59.88305
51430,false,0,10.71187,59.92009
51434,true,0,10.68439,59.93769
51435,true,0,10.7502613,59.9287033
51437,false,0,10.83370,59.90062
51442,false,0,10.80668,59.87120
51501,false,0,9.611541748,60.38119125
51502,false,0,8.943284034,60.70204925
51509,false,0,8.220457077,60.53558731
51510,false,0,8.276845932,60.61434936
51517,false,0,9.62210,60.17812
51532,false,0,9.55377388,60.82255554
51537,true,0,10.16267,59.75165
51538,false,0,10.21074,59.74313
51540,true,0,10.22436809,59.72977447
51550,false,0,9.578476905,59.83494186
51553,true,0,10.09040164,59.52960205
51565,false,0,10.24448585,59.78379821
51566,false,0,10.32897377,59.81789016
51574,false,0,9.917737007,59.99277496
51593,false,0,10.48839283,59.78273391
51599,true,0,9.635471344,60.04442215
51613,false,0,10.17692375,59.30567169
51617,true,0,10.36553859,59.42269516
51636,true,0,10.39274,59.23986
51642,false,0,10.33183193,59.28328323
51653,false,0,10.30564308,59.22195816
51669,false,0,10.42540073,59.27318191
51679,false,0,10.26283931,59.37076187
51698,true,0,9.972049,59.398592
51709,false,0,10.05093574,59.04629516
51711,false,0,10.19167614,59.14822387
51713,false,0,10.21872,59.13509
51714,false,0,10.22085,59.12996
51739,false,0,10.03675,58.99809
51747,false,0,9.541250228,58.97282028
51753,false,0,9.06227684,59.41438674
51754,false,0,9.064596176,59.08990097
51773,true,0,8.493882,59.401757
51789,false,0,9.108814239,59.59999465
51801,false,0,9.249540329,59.39499664
51812,false,0,9.603444099,59.2173767
51813,false,0,9.60505867,59.18642425
51816,false,0,9.633481025,59.17118072
51830,true,0,8.82443,59.99457
51834,false,0,8.011706352,59.44473648
51841,true,0,8.753922462,58.45744323
51859,false,0,8.85261,58.49808
51871,false,0,8.878766059,58.61864852
51895,false,0,7.977494239,58.1403923
51908,true,0,8.363737106,58.24227523
51910,false,0,7.291830062,58.08760452
51927,false,0,7.530563354,59.09557342
51935,false,0,6.078029632,58.63220977
51946,false,0,6.808219,58.095804
51958,false,0,6.669898033,58.29577255
51960,false,0,6.623072147,58.40529632
51963,true,0,5.847541809,58.77144241
51972,false,0,5.305553913,59.39624786
51986,false,0,5.6471982,58.66719055
51996,false,0,5.20119667,59.26935577
52002,false,0,5.631318092,58.77614212
52005,false,0,6.934226036,58.52272033
52006,false,0,6.963495,58.315137
52012,false,0,7.066578,58.137895
52014,false,0,5.61741,59.00111
52023,false,0,5.76515,58.85512
52025,false,0,5.71757,58.83141
52038,false,0,6.716513156,58.66608047
52051,false,0,5.74130,58.95425
52052,false,0,5.75097,58.96855
52054,false,0,5.72542,58.92014
52075,false,0,6.034974,59.021587
52100,false,0,5.742654323,59.59710693
52104,false,0,5.29047203,61.76889419
52109,true,0,5.233152866,59.73971557
52111,false,0,5.993972778,61.90619659
52114,true,0,5.351255893,60.32012939
52117,false,0,5.01631689,60.32648468
52129,false,0,5.2439536,60.0863705
52134,true,0,5.3018799,60.4242375
52141,true,0,5.461359977,61.58876037
52147,false,0,5.853745937,61.44987487
52151,true,0,6.202694892,61.78284072
52155,true,0,5.120839119,60.87378692
52164,true,0,6.20011425,60.3865242
52168,false,0,5.994882106,59.9541397
52169,true,0,5.9147611,60.0604083
52180,false,0,5.042423248,60.78560257
52195,false,0,5.468190193,60.18524551
52206,false,0,7.118229866,61.23238754
52214,false,0,6.613082885,61.89944458
52216,true,0,7.169842243,61.91852951
52231,false,0,6.424741268,60.62869644
52240,false,0,7.705193042,61.2373352
52246,false,0,6.884011268,62.8135147
52279,false,0,6.12872982,62.49700927
52290,false,0,6.031551837,62.3746643
52291,false,0,5.642860889,62.32702255
52296,false,0,7.728868961,63.12304687
52303,false,0,6.68347,62.67508
52310,false,0,7.153029918,62.73442077
52326,false,0,7.685147285,62.55960464
52336,false,0,6.46523,62.76653
52342,false,0,6.948741912,62.30926513
52359,true,0,5.577948093,62.0865364
52367,false,0,6.073693752,62.14515304
52377,false,0,6.12662,62.19666
52379,false,0,6.157578945,62.47111129
52392,false,0,6.273039817,62.46172714
52396,false,0,10.61415576,62.11836624
52408,false,0,12.21819782,65.48009491
52411,false,0,12.54735183,65.40374755
52420,false,0,15.4074068,67.26010131
52423,false,0,10.89630508,64.5003128
52426,false,0,10.00128555,62.13301086
52442,false,0,12.48508834,64.55912017
52474,false,0,11.28687477,63.74301528
52484,true,0,13.5916748,64.46356964
52489,false,0,10.80897712,63.41547775
52493,false,0,9.683418273,63.12575912
52495,false,0,9.742512702,62.98499679
52537,false,0,9.689538955,62.59476852
52542,false,0,9.77258,63.1955
52551,false,0,11.93445205,64.49329376
52565,false,0,10.01085662,62.82974243
52568,true,0,9.937203407,63.57975769
52574,false,0,11.37279892,62.56656265
52575,false,0,11.86619186,62.64630508
52580,false,0,15.38774967,67.10184478
52583,false,0,11.09470,63.25036
52587,true,0,10.05617,63.26844
52592,false,0,12.38205909,64.24712371
52596,false,0,11.49852562,64.0112915
52610,false,0,10.91739559,63.46651077
52611,false,0,11.09508228,63.4662857
52622,false,0,11.22281742,62.49774169
52627,false,0,10.3056612,63.32494735
52628,false,0,10.35465335,63.41709137
52629,true,0,10.37576389,63.42119216
52637,false,0,10.3554573,63.35356521
52641,true,0,10.41759967,63.41060257
52642,false,0,10.44013309,63.43806457
52654,false,0,10.77550888,62.27647781
52670,false,0,11.7342081,63.77571487
52681,false,0,11.23243999,64.86265564
52685,false,0,9.663434028,63.69642639
52692,false,0,11.30436229,62.84074401
52694,false,0,23.22526359,69.95919036
52695,false,0,23.36566162,69.97368621
52706,false,0,19.55747985,69.21728515
52707,false,0,19.58440,69.34214
52712,false,0,18.34591865,68.86338043
52723,false,0,29.70527267,70.6299057
52747,false,0,23.04698753,69.02144622
52749,false,0,22.05065345,69.94016265
52753,false,0,17.99447059,69.22998809
52762,false,0,13.23152732,68.09120941
52779,false,0,24.96825027,70.05166626
52787,false,0,16.79674339,68.68192291
52796,true,0,18.15541076,69.14382934
52798,false,0,29.98620605,69.68753051
52848,false,0,13.61340808,68.14829254
52857,false,0,14.56810283,68.2388916
52862,false,0,10.19834518,59.74040985
52866,false,0,5.760053157,59.86268234
52897,false,0,5.25438,59.15155
52929,true,0,10.82049,59.91086
52935,false,0,7.660336971,63.08097839
52936,true,0,18.31182,69.36367
52941,false,0,10.66913,59.43532
52965,false,0,5.599934101,58.84470367
52967,false,0,6.003818035,58.4586029
52980,false,0,5.151311874,60.45941543
53025,true,0,18.98066711,69.67701721
53026,false,0,19.07118034,69.68437957
53027,false,0,9.390238761,58.87030029
53029,false,0,5.639856815,58.73495864
53036,false,0,10.67759132,60.77541351
53043,false,0,10.05069351,59.06723022
53051,false,0,20.55019569,69.54170227
53057,false,0,14.21508979,66.31834411
53079,false,0,10.27027,59.81220
53105,true,0,10.77622032,59.94615936
53106,false,0,10.63597,59.92166
53113,false,0,9.630448341,59.19809341
53115,false,0,10.46492481,59.41088485
53116,false,0,9.636670112,59.65211105
53117,false,0,11.97786,60.20313
53118,true,0,11.55171394,60.88035583
53119,false,0,12.26142787,61.31540298
53121,false,0,11.46665763,60.12153625
53122,false,0,10.93912506,60.88271331
53709,false,0,10.84557247,59.75510788
53725,false,0,7.997151,58.151734
53746,true,0,5.72184515,58.89293289
53764,false,0,15.40321064,66.81163787
53782,true,0,5.334992885,60.37615585
53841,true,0,10.94538497,59.94164276
53847,false,0,8.745993614,58.47423553
53866,false,0,10.30435,62.58637
53870,true,0,10.26917362,60.17937469
53874,false,0,8.568379402,58.34167099
53890,true,0,11.18202018,60.25318527
53903,false,0,10.03360748,59.05660629
53907,true,0,10.91966819,60.88975906
53913,true,0,10.26412677,59.77150344
53922,false,0,13.08112716,67.9392929
53930,true,0,10.44692325,61.11553573
53932,true,0,6.348770141,62.46498489
53933,false,0,10.64409,59.96253
53944,false,0,13.16024208,64.92972564
53954,false,0,16.53874778,68.79008483
53956,false,0,8.56166,60.62874
53957,false,0,10.70622,59.44631
53967,false,0,8.090979576,59.1846466
53971,false,0,21.86404991,69.84150695
53974,true,0,10.51382827,59.89358139
53975,false,0,5.286489963,60.29222106
53977,false,0,5.852484226,58.91312027
53985,false,0,23.67746925,70.63574981
53986,false,0,5.730020999,60.40197372
53987,false,0,4.844872951,60.59831237
53997,false,0,10.82041,59.87922
54010,false,0,12.30402,64.62849
54026,false,0,5.126118183,61.33014297
54028,false,0,6.08193016,61.48798751
54030,false,0,10.37647342,63.36730575
54033,true,0,29.08770752,70.85840606
54034,false,0,9.71144,63.04695
54035,false,0,17.1778414,69.0852749
54040,true,0,12.01319885,60.18379974
54047,false,0,29.75554657,70.07367706
54048,false,0,7.973396778,58.14137268
54066,false,0,24.67315101,70.99514007
54076,false,0,5.070346832,60.25893783
54078,false,0,11.66178131,59.48135757
54079,false,0,5.234811306,60.29268646
54080,true,0,10.00390815,59.75224304
54081,true,0,9.70742321,59.12181854
54083,false,0,10.45720,59.34807
54085,true,0,5.298446178,61.16701126
54087,true,0,19.22478,69.24017
54088,false,0,17.70326,69.093229
54089,true,0,14.40289115,67.27474212
54094,false,0,5.511713028,61.10370254
54103,false,0,9.074822425,58.82183837
54115,false,0,5.626543998,58.88898849
54123,true,0,9.542926788,61.77190399
54138,true,0,9.68699,59.09553
54140,false,0,20.21305084,69.57551574
54151,false,0,10.35588455,60.22731781
54156,true,0,11.47934412,64.01628999
54192,false,0,14.13381862,66.30495452
54194,true,0,27.31544,70.94481
54208,false,0,6.81936,58.26565
54223,true,0,5.72128582,58.87322998
54243,true,0,20.94746971,69.788208
54247,false,0,10.29036617,63.15375137
54260,true,0,10.6977663,60.79536438
54296,true,0,17.42816162,68.41030883
54299,false,0,6.83651,58.38444
54300,false,0,7.284827709,61.39916992
54306,false,0,13.20151042,65.84179687
54309,false,0,9.212807655,58.71727752
54310,false,0,5.267103672,59.4372406
54326,false,0,25.50997543,69.4715805
54327,false,0,24.50389862,70.4316864
54328,false,0,23.67596435,70.67126464
54331,false,0,20.26927948,69.36600494
54332,false,0,21.02706337,69.77197265
54333,true,0,18.57847404,69.13404083
54334,true,0,18.96936988,69.65436554
54337,false,0,17.85943222,68.87221527
54348,false,0,14.9465332,68.57099151
54355,false,0,7.198728084,62.73931121
54399,false,0,15.76333,69.01044
54407,false,0,8.62798,59.48397
54409,true,0,10.28764629,60.08267211
54410,true,0,10.70682048,59.4257164
54428,true,0,10.86766624,59.93030166
54435,false,0,15.41514015,68.70151519
54453,true,0,10.67600,59.92222
54469,true,0,9.360953331,61.91188812
54474,false,0,5.485070228,59.77404403
54475,true,0,10.97926235,59.20700454
54479,false,0,10.151992,59.719307
54491,false,0,11.08636856,59.2746582
54569,true,0,9.83704,63.30833
54622,true,0,6.81121397,61.84165954
54670,true,0,8.71185,58.45618
54697,false,0,25.04738044,70.49269104
54700,false,0,9.597679138,59.19501495
54713,true,0,15.10177,68.91390
54716,true,0,5.276897907,60.34978485
54717,false,0,5.06579113,61.59938812
54734,true,0,10.20429134,59.51415634
54735,false,0,11.09302,60.18911
54736,false,0,11.08155632,60.17938232
54738,false,0,11.04862594,60.84090805
54739,false,0,18.50964927,69.04415893
54742,false,0,10.81142,59.91145
54743,true,0,8.07999,62.89013
55279,true,0,5.61262,60.19672
55289,true,0,10.22314,59.73706
55297,true,0,5.40466,59.41810
55298,true,0,11.30455,59.12190
55300,true,0,9.96487,59.18975
55321,true,0,10.94319,59.21721
55322,false,0,10.40345,63.40110
55327,true,0,5.83844,61.45925
55329,false,0,9.65834,59.14348
55330,false,0,14.5270071,67.27887725
55336,true,0,8.92865808,60.69584601
55338,true,0,8.878192901,58.61845397
55342,true,0,5.31905,60.46359
55344,true,0,10.73759746,59.6234703
55345,false,0,8.28988,62.85195
55346,true,0,13.19394683,65.85101318
55348,true,0,10.98458004,59.93389892
55349,true,0,18.86269,69.69047
55352,false,0,11.09551608,59.89802103
55353,false,0,13.82668304,66.08139801
55354,false,0,6.121148586,59.73693847
55355,true,0,9.73222,61.59156
55356,false,0,7.813727855,61.30941391
55358,false,0,9.88475688,59.844672
55360,false,0,5.638554,61.38109404
55361,false,0,14.77449417,66.92266082
55362,false,0,6.55292,60.59975
55364,false,0,6.45147,62.58528
55365,false,0,5.176001548,61.22748184
55367,true,0,7.78021,63.10656
55368,false,0,12.19687557,65.3688507
55369,false,0,14.0025568,65.59317779
55371,false,0,16.24421,68.56569
55372,true,0,6.81559,62.48163
55373,false,0,5.39239,60.59644
55374,false,0,10.82668,59.93543
55375,true,0,5.31473,59.38781
55376,false,0,5.6211203,59.4291975
55377,false,0,13.64102172,66.91213226
55378,true,0,12.27347,61.29548
55379,true,0,11.06865978,60.01718139
55381,true,0,10.39023,59.11416
55382,false,0,5.69598,62.21971
55385,true,0,12.57615661,66.00727844
55387,false,0,7.426176,62.907443
55391,false,0,8.204500,62.9142000
55392,false,0,16.69549179,68.49461364
55393,true,0,5.01322937,60.41215896
55394,false,0,11.44711,59.12495
55395,false,0,5.73757,62.08795
55397,false,0,6.54602,60.06626
55398,false,0,8.52973175,63.26752471
55399,true,0,9.08310,59.40969
55400,false,0,28.19186019,70.19946289
55401,false,0,14.25708103,67.07151794
55402,true,0,10.46108436,63.42078781
55403,false,0,6.2327845,61.7698952
55404,false,0,5.71862936,61.50816345
55406,false,0,13.53369,66.77919
55407,false,0,5.91831,59.05394
55408,false,0,11.19136,59.20936
55409,false,0,10.91071,59.22929
55412,true,0,16.58829,68.77994
55414,false,0,10.28248,59.76710
55416,false,0,5.233791828,60.57147598
55417,false,0,6.5720239,60.2548403
55418,false,0,5.207994461,59.6022377
55419,true,0,10.6679773331,60.7863960266
55420,false,0,16.08128,68.0443
55421,false,0,11.96222,65.67736
55422,false,0,12.44152,65.70094
55425,true,0,6.33566,58.53177
55428,false,0,10.01094,59.48553
55429,false,0,5.72184,58.89293
55430,false,0,9.839151382,63.28650283
55432,true,0,7.675610,58.951331
55433,false,0,10.69037151,60.94368743
55434,false,0,11.19336032,60.71665954
55435,false,0,5.7056606,59.7925291
55436,false,0,9.92586,59.89191
55437,false,0,7.46531,58.02664
55438,false,0,5.466471672,60.18749237
55441,false,0,10.21942615,61.22644043
55443,true,0,5.75799,59.11957
55448,false,0,5.785690784,59.99287796
55449,false,0,9.28599739,59.27081298
55450,true,0,9.63249,59.17138
55453,false,0,9.502238,63.4009
55454,true,0,10.6270081,59.8948312
55456,true,0,5.85238409,61.45204544
55458,false,0,9.25258,63.10087
55459,true,0,5.69954,58.81115
55460,false,0,9.372078895,58.7912445
55462,false,0,11.56714153,63.05559158
55463,false,0,15.86635,68.11533
55464,false,0,6.25973,58.80696
55466,false,0,11.16806,60.30391
55467,false,0,8.98639,62.20537
55468,false,0,11.42244,59.35300
55473,true,0,10.93759,59.99068
55474,true,0,10.80907978,59.94194920
55475,false,0,11.529911,64.456495
55476,true,0,10.81043276,59.92735932
55477,false,0,10.07053,63.32568
55478,false,0,10.65115,62.94169
55479,true,0,10.36659,63.33671
55481,false,0,9.079766,63.293795
55482,true,0,11.52281,60.88902
55484,true,0,9.10768,63.52119
55485,false,0,10.47473,61.0991
55486,false,0,10.14951,63.42703
55487,false,0,10.49603,63.42815
55490,false,0,13.54699,66.74302
55491,false,0,13.01112,66.20029
55492,false,0,9.807443,63.763822
55494,false,0,5.17831,61.30307
55496,false,0,6.5891743,62.5450275
55498,true,0,10.99113,59.23869
55499,false,0,5.1674,60.73476
55500,true,0,11.04461,60.80409
55501,true,0,11.73406,63.42132
55502,false,0,17.93023,69.23544
55503,false,0,7.15763,62.97137
55504,false,0,7.140025,58.04543
55505,false,0,8.53729,59.01051
55507,false,0,5.69347,58.571
55508,false,0,6.24977,59.483525
55510,false,0,8.23306,61.20283
55511,false,0,8.585943,59.878601
55512,false,0,11.2414,64.861702
55513,false,0,10.194881,59.068652
55515,false,0,10.469748,59.272146
55516,false,0,9.878254,62.655659
55517,false,0,7.785525,63.038091
55518,false,0,8.233607,58.32739
55519,true,0,11.22336,60.71740
55520,false,0,8.783922,63.695815
55521,false,0,6.584501,61.088446
55522,false,0,13.942301,66.817437
55523,false,0,13.703265,66.8757
55525,true,0,15.39731,67.27198
55526,false,0,9.2727113,63.4947674
55527,true,0,8.56249,62.67805
55528,true,0,11.215293124365,60.390771710330
55529,true,0,11.2161884308,59.5741462708
55530,false,0,14.6023415,67.2283657
55531,false,0,11.29126,60.73665
55532,true,0,10.88643,63.47539
55533,false,0,8.0595072,63.4588482
55534,false,0,6.98596,62.38357
55535,true,0,10.19003,59.14824
55536,false,0,11.38180672,64.1117576
55537,false,0,13.0172012,64.8466134
55539,true,0,10.29178,63.03635
55540,false,0,10.39338,63.39622
55544,false,0,8.56127,62.67760
55545,false,0,14.150633,66.3076162
55546,false,0,9.8139529,63.5044621
55548,false,0,13.6032679,66.224063
55549,false,0,6.57630,62.38139
55551,false,0,11.3062471,59.9991317
55552,false,0,11.6963919,59.2205452
55553,true,0,8.48296,58.76462
55554,true,0,8.5230319,59.0159881
55555,true,0,8.4933965,59.3283129
55556,true,0,7.99093,59.56897
55557,true,0,8.6239325,59.4825872
55558,true,0,9.56795,59.20835
55559,true,0,6.60900,62.49145
55560,false,0,8.56576,62.67385
55564,true,0,5.3766571,60.4846038
55566,false,0,5.778656,58.6834564
55568,false,0,8.8333414,63.7355395
55571,false,0,8.2027054,59.4949779
56003,true,0,11.23241,63.71856
56005,true,0,6.87548,62.26727
56009,false,0,15.633753,78.224171
56014,true,0,10.437041,59.271558
56015,true,0,7.976565361,63.01121902
56023,false,0,5.87434,59.16999
56029,true,0,10.06531,59.08024
56032,true,0,8.704453468,62.96726226
56033,true,0,5.52115,59.27463
56034,true,0,5.71621716,58.81660902
56035,false,0,9.03112,59.85149
56040,true,0,5.077278614,61.60942077
56045,true,0,6.04368,62.17309098
56053,true,0,10.60471,60.70734
56054,true,0,5.34416,60.46608
56063,false,0,10.86397,59.93614
56066,true,0,12.03299,60.19381
56067,true,0,10.25778961,60.22045898
56074,true,0,10.75434,59.89621
56083,true,0,8.708619117,63.40446853
56207,true,0,8.66174,59.87991
56209,true,0,7.948899,58.16551896
57001,true,0,10.07164,60.83596
57002,true,0,30.04211425,69.72566986
57006,true,0,7.78811,58.579454
57007,true,0,11.35699,60.03473
57008,true,0,7.44721,62.91782
57009,true,0,6.4127761,62.4319738
57010,true,0,12.32226,61.26058
57012,true,0,11.28298,63.73283
57014,true,0,5.74048,58.84834
57015,true,0,10.77738,59.92889
57016,true,0,6.68912,58.09578
57017,true,0,9.66223,59.11651
57018,true,0,5.47588,60.40642
57021,true,0,11.05066,59.96129
57022,true,0,9.87115,58.98903
57023,true,0,11.30427,59.11913
57024,true,0,5.30171,59.39592
57026,true,0,11.37362688,61.13465802
57027,true,0,6.50225808,61.73348598
57029,true,0,11.34114,59.55364
57030,true,0,7.85545,58.13862
57031,true,0,5.22089,60.41256
57032,true,0,9.63918,59.15332
57033,true,0,9.66197,59.16409
57034,true,0,10.2207,59.6196
57035,true,0,6.39516,62.50407
57036,true,0,9.22506588,59.56564797
57037,true,0,6.543791,58.460959
57038,true,0,11.11929408,59.26534101
57039,true,0,9.683350563,59.6657257
57040,true,0,5.3938666,60.3453777
57041,true,0,6.525684833,60.0920639
57042,true,0,6.53343,61.20851
57043,true,0,10.72852,59.39593
57044,true,0,5.61043,58.96118
57045,true,0,5.30417,59.28031
57047,true,0,8.72231,58.46720
57048,true,0,10.41824,59.28932
57049,true,0,8.129525,58.179924
57050,true,0,10.24921,59.74984
57051,true,0,5.743158,58.993441
57052,true,0,5.443033,59.422019
57053,true,0,5.639598,58.668919
57054,true,0,7.997567653,59.57101059
57055,true,0,7.21100,60.89883
57056,true,0,8.39350,58.26127
57057,true,0,5.343451976,60.36875152
57058,true,0,5.74355,58.93461
57059,true,0,11.17008,59.26893
57060,true,0,8.07378,58.13364
57062,true,0,10.7811079,59.74629592
57063,true,0,11.47074,63.78292
57064,true,0,7.96000,58.10675
57065,true,0,5.526394367,60.90279769
57066,true,0,6.726446628,60.52872848
57067,true,0,8.814653,58.474815
57068,true,0,10.33018,63.38725
57069,true,0,5.286264896,60.54707336
57070,true,0,5.173984527,59.79329681
57071,true,0,8.59697,58.34394
57072,true,0,5.290034294,60.54582595
57074,true,0,5.1923598,60.3699312
57075,true,0,18.90679,69.68132
57076,true,0,5.49864,60.52583
57077,true,0,10.00665,59.75802
61001,true,0,23.573060,58.938330
61002,true,0,24.752220,59.444170
61003,true,0,24.786390,59.422780
61004,true,0,24.699720,59.405560
61005,true,0,24.646670,59.424170
61006,true,0,24.548890,58.371670
61007,true,0,24.810560,59.435830
61008,true,0,24.714440,59.432780
61009,true,0,26.731390,58.376940
61010,true,0,24.787500,59.423610
61011,true,0,24.721670,59.391670
61012,true,0,24.723890,59.427500
61013,true,0,26.676940,58.360280
61014,true,0,25.89959,58.70540
61015,true,0,28.177220,59.380560
61016,true,0,24.875280,59.442220
61021,true,0,26.728330,58.381670
61022,true,0,27.006670,57.841940
61023,true,0,24.764440,59.440000
61024,true,0,25.598890,58.370000
61025,true,0,24.438060,59.311110
61026,true,0,24.828610,59.498610
61027,true,0,26.338330,59.365830
61029,true,0,26.714720,58.342780
61030,true,0,27.393610,59.367500
61031,true,0,24.560560,58.362500
61032,true,0,24.695560,59.400830
61033,true,0,26.753890,58.372780
61034,true,0,24.783890,59.424170
61035,true,0,24.793060,59.425280
61036,true,0,24.728610,59.402220
61037,true,0,24.719170,59.427780
61039,true,0,24.686390,59.408330
61040,true,0,24.628060,59.354170
61041,true,0,28.156670,59.383610
61042,true,0,24.503330,58.386390
61043,true,0,27.336390,59.400280
61044,true,0,26.048330,57.788610
61045,true,0,24.781110,59.181390
61046,true,0,24.456940,58.921390
61047,true,0,26.912780,58.850560
61048,true,0,25.578060,58.345830
61049,true,0,26.388060,59.355000
61050,true,0,26.721110,58.355830
61051,true,0,24.837220,59.429170
61052,true,0,24.776110,59.440280
61053,true,0,24.49925,58.4058401
61054,true,0,25.611110,58.918330
61090,true,0,24.722888888888,59.3928
61091,true,0,24.651891666666,59.412883333333
61093,true,0,24.628758333333,59.427647222222
61096,true,0,24.758944444444,59.429177777777
61097,true,0,26.740658333333,58.361277777777
63001,true,0,24.006307,56.934591
63002,true,0,24.162991,56.923913
63003,true,0,21.018412,56.515812
63004,true,0,24.122865,56.912575
63005,false,0,24.003797,56.933877
63006,true,0,24.019332,56.959859
63007,true,0,21.585882,57.38539
63009,true,0,24.19934,56.931255
63010,true,0,24.24365,56.989493
63011,true,0,24.185221,56.950931
63012,true,0,26.54505,55.874781
63014,true,0,24.084864,56.909524
63016,true,0,24.233973,56.958513
63017,true,0,23.763267,56.966819
63018,true,0,25.435152,57.527103
63019,true,0,25.39243,57.530594
63020,true,0,27.341194,56.524311
63023,true,0,24.097309,56.955729
63025,true,0,24.189191,56.906425
63027,true,0,26.524322,55.876503
63028,true,0,24.15046,56.964339
63029,true,0,24.184727,56.979356
63031,true,0,24.122243,56.993473
63032,true,0,24.136856,56.947385
63034,true,0,24.229767,56.943078
63038,true,0,26.229322,56.859226
63039,false,0,21.017189,56.48733
63040,true,0,23.16798,56.97009
63041,true,0,24.052484,56.958607
63042,true,0,22.817604,57.067510
63043,true,0,21.991625,56.958162
63045,true,0,24.134324,56.971275
63046,true,0,24.138325,57.025329
63047,true,0,24.196358,56.406161
63048,true,0,22.584318,57.233512
63049,true,0,23.743107,56.657382
63050,true,0,23.730211,56.647675
63051,false,0,23.697939,56.655932
63052,true,0,25.856345,56.516073
63053,true,0,24.587724,56.816337
63054,true,0,24.362397,57.757052
63056,true,0,25.300484,57.298443
63058,true,0,26.742547,57.177633
63059,true,0,24.316671,57.069425
63061,true,0,24.727745,57.512963
63070,true,0,24.017851,56.928374
63071,true,0,24.108274,56.922027
63073,true,0,21.055813,56.534524
63074,true,0,24.135675,56.981905
63075,false,0,24.138658,56.934463
63076,true,0,24.15664,56.928726
63077,false,0,24.202774,56.93232
63078,true,0,24.292418,57.00535
63079,true,0,24.169493,56.963099
63080,true,0,24.168098,56.974035
63081,true,0,24.054286,56.951932
63082,true,0,24.145632,56.966398
63084,true,0,24.100785,56.952768
63085,true,0,24.279655,56.365553
63090,true,0,24.857029,57.145207
63091,true,0,24.193311,56.903707
63092,true,0,23.724353,56.962234
63093,true,0,24.095421,56.911451
63094,true,0,21.582706,57.387576
63095,true,0,24.186637,56.950744
63201,true,0,23.287668,56.626505
63202,true,0,26.719182,56.276115
63204,true,0,25.49187,57.279671
63205,true,0,25.916198,57.420725
63206,true,0,22.471789,56.682538
63208,false,0,24.896693,56.662736
63209,false,0,24.246059,56.821652
63211,true,0,24.419281,57.227005
63212,true,0,24.421717,57.229346
63213,true,0,24.258907,56.943722
63214,true,0,24.414175,56.821868
63215,true,0,23.588051,56.930265
65001,true,0,25.236883,54.670943
65002,false,0,25.265647,54.735951
65003,false,0,25.218397,54.695300
65004,false,0,25.297968,54.695145
65005,false,0,25.246217,54.720103
65006,false,0,25.300586,54.718687
65007,false,0,25.263459,54.694286
65008,false,0,25.227978,54.709152
65009,true,0,25.11016,54.623068
65010,false,0,25.269338,54.651513
65011,false,0,23.986502,54.916025
65013,false,0,23.864536,54.908266
65017,false,0,23.952899,54.919959
65018,false,0,23.894030,54.880829
65019,false,0,23.297890,55.928880
65021,false,0,23.319420,55.909230
65022,true,0,24.676210,54.789384
65023,false,0,25.620718,55.505111
65024,true,0,24.368963,55.810976
65025,false,0,21.077580,55.914690
65026,false,0,22.987947,55.999869
65027,false,0,21.144927,55.687683
65028,false,0,21.153692,55.692454
65029,false,0,21.124654,55.730418
65030,false,0,23.371203,54.576179
65031,false,0,24.038220,54.395229
65032,false,0,23.993545,54.010281
65033,false,0,24.371345,55.717285
65034,false,0,24.341862,55.731943
65035,false,0,23.354031,54.557139
65036,true,0,23.181244,54.357213
65037,false,0,23.181152,54.360157
65038,false,0,23.972383,55.286500
65039,false,0,24.788074,55.311368
65040,false,0,22.265596,55.977088
65041,false,0,21.474538,55.350610
65047,true,0,23.622419,56.258603
65048,false,0,25.589580,55.952350
65051,false,0,25.264848,54.702355
65055,false,0,23.5497520,55.8113860
65059,false,0,23.869944,54.935488
65060,false,0,23.890350,54.925231
65061,false,0,23.971685,54.927604
65065,false,0,23.956504,54.911973
65068,true,0,23.966138,54.935017
65069,true,0,23.965411,54.933772
65073,false,0,23.913589,54.894140
65075,false,0,25.053940,54.686255
65077,false,0,25.583296,55.495680
65078,false,0,23.524979,54.226695
65079,false,0,23.074293,54.636467
65080,false,0,21.172773,55.666549
65081,false,0,21.180037,55.692908
65083,false,0,22.692898,55.461363
65090,false,0,23.334113,55.9247859
65091,false,0,23.995690,54.893090
65092,false,0,23.900006,54.914394
65093,false,0,25.192305,54.670977
65094,false,0,22.309799,55.267197
65095,false,0,23.898396,54.938410
65201,false,0,25.235301,54.661673
65202,false,0,25.239126,54.730385
65203,false,0,25.234893,54.662759
65204,false,0,25.290774,54.715449
65205,false,0,25.264075,54.702860
65206,false,0,25.160837,54.658890
65211,false,0,23.973337,54.928264
65212,false,0,23.926141,54.913040
65213,false,0,23.928802,54.928480
65214,false,0,23.960356,54.899341
65215,false,0,23.894566,54.901537
65219,false,0,23.273912,55.912872
65227,false,0,21.160698,55.704311
65228,false,0,21.182370,55.656726
65229,false,0,21.138001,55.702261
65233,false,0,24.339545,55.728790
65401,false,0,21.87865,55.937652
65501,false,0,25.284491,54.686315
65689,false,0,25.274343,54.780794
70201,true,0,20.633469,52.440731
70210,true,0,20.867726,52.056469
70211,true,0,21.016797,52.152111
70212,true,0,21.091378,52.221414
70213,true,0,20.977311,52.314792
70214,true,0,21.058408,52.265681
70215,true,0,16.913853,52.443828
70218,false,0,21.119586,52.237108
70220,true,0,21.037039,52.162467
70224,true,0,20.915533,52.220506
70234,true,0,20.512006,53.773950
70236,true,0,21.035511,52.299997
70239,true,0,20.653747,50.892708
70245,true,0,22.523664,51.250514
70247,true,0,22.576806,51.251656
70261,true,0,18.655811,53.021908
70263,true,0,16.980925,52.391753
70264,true,0,19.441781,51.723128
70265,true,0,21.159203,51.383831
70270,true,0,19.505458,51.749225
70271,true,0,20.473619,53.772333
70272,true,0,20.486053,53.766400
70278,true,0,18.020133,53.122708
70280,true,0,18.045208,53.106978
70282,true,0,15.244947,52.748572
70283,true,0,15.254925,52.733394
70284,true,0,19.514455,51.763245
70286,true,0,20.912036,52.248175
70287,true,0,23.105011,53.125356
70288,true,0,19.398514,51.746758
70291,true,0,19.484164,51.718508
70297,true,0,14.639655,52.580332
70298,true,0,19.058544,52.655858
70305,true,0,21.040648,52.16925
70307,true,0,18.063350,51.747972
70308,true,0,15.484903,51.931456
70309,true,0,18.756978,53.487861
70311,true,0,23.119050,53.138097
70312,true,0,20.960550,52.193825
70313,true,0,21.02353333,52.19842778
70320,true,0,19.116739,50.835189
70326,true,0,16.961026,52.386117
70327,true,0,19.677458,51.408414
70330,true,0,22.063658,53.169153
70331,true,0,21.581539,53.072883
70336,true,0,17.809936,51.653503
70344,true,0,16.210297,51.389894
70346,true,0,18.540608,54.491606
70347,true,0,18.950736,50.306703
70348,true,0,22.015885,50.027745
70350,true,0,19.138300,50.791350
70355,true,0,20.706928,49.619233
70356,true,0,18.906044,50.339683
70358,true,0,21.384983,50.932444
70360,true,0,17.997814,53.113828
70365,true,0,17.040031,51.096169
70374,true,0,22.764755,49.786782
70377,true,0,19.355689,51.360259
70378,true,0,22.928523,54.109727
70381,true,0,22.777242,49.788008
70382,true,0,22.054367,50.574591
70384,true,0,19.043717,49.815417
70386,true,0,20.923061,52.280781
70390,true,0,15.024594,53.338889
70393,true,0,19.407347,54.154992
70396,true,0,19.424042,51.771303
70414,true,0,16.293481,50.804711
70420,true,0,19.982731,50.021672
70422,true,0,19.133864,50.793747
70424,true,0,19.14284,50.279899
70432,true,0,19.96982,50.044383
70433,true,0,20.028642,50.071900
70437,true,0,21.751336,49.687371
70438,true,0,18.222661,50.093983
70439,true,0,23.258836,50.721672
70440,true,0,19.551400,50.283250
70447,true,0,18.590747,49.949325
70448,true,0,18.472750,50.003972
70451,false,0,18.771708,50.30623
70452,true,0,17.944078,50.674922
70456,false,0,19.396006,51.797833
70457,true,0,19.450058,51.791064
70458,false,0,18.256742,52.780156
70461,true,0,17.607569,52.539056
70463,true,0,14.642289,53.384992
70471,true,0,16.207072,50.433778
70473,true,0,18.520594,50.074775
70478,true,0,19.251650,50.217775
70479,true,0,19.070925,50.316894
70480,true,0,17.021528,51.117258
70482,true,0,19.232186,50.038108
70484,true,0,22.517528,51.228194
70497,true,0,15.737556,50.908319
70498,true,0,20.641344,50.868433
70500,true,0,15.511147,51.936844
70502,true,0,18.961878,51.592989
70509,true,0,21.136075,51.417567
70513,true,0,18.562914,51.225558
70516,true,0,20.987186,52.227928
70517,true,0,19.900425,50.070969
70518,true,0,19.337136,51.664931
70519,true,0,19.314653,51.817656
70522,true,0,14.530083,53.428767
70533,true,0,21.070578,51.036333
70535,true,0,18.633828,54.378506
70538,true,0,20.982414,52.252978
70539,true,0,20.849456,51.116772
70540,false,0,19.046833,49.825556
70542,true,0,18.530647,50.096686
70545,true,0,20.500369,53.784081
70548,true,0,20.004537,50.087289
70551,true,0,22.707969,50.006436
70552,false,0,14.640798,52.57977
70556,true,0,19.962447,50.084850
70557,true,0,17.759844,54.532714
70558,true,0,19.031889,54.035114
70561,true,0,18.863186,50.353342
70564,true,0,16.158144,51.204739
70568,true,0,21.691247,50.570811
70570,true,0,18.518583,53.972228
70573,true,0,19.038906,49.800216
70574,true,0,18.506047,54.528803
70578,true,0,23.167592,53.143325
70580,true,0,19.395089,53.260092
70581,true,0,19.702778,52.558297
70582,true,0,16.709828,53.707683
70590,true,0,19.972028,50.066417
70593,true,0,21.160494,49.655065
70594,true,0,16.086366,51.664291
70597,true,0,18.681394,50.041528
70611,true,0,16.973753,52.382358
70615,true,0,18.217492,50.974897
70616,true,0,17.587503,50.321911
70635,true,0,15.135819,51.636767
70641,true,0,22.588211,51.241217
70643,true,0,23.270594,50.715050
70644,false,0,18.828253,50.296853
70651,true,0,21.399314,50.947642
70652,true,0,19.710889,52.545604
70663,true,0,18.986539,50.123592
70664,false,0,18.6064,53.01621
70665,true,0,18.564061,54.424422
70666,true,0,22.157717,52.180939
70668,true,0,20.610889,52.445789
70676,true,0,18.514481,54.548806
70680,true,0,17.808249,51.654558
70691,true,0,15.742327,50.897085
70693,true,0,17.016433,52.080186
70697,true,0,23.186011,52.765411
70700,true,0,18.459900,50.009572
70705,true,0,20.976739,50.017973
70706,true,0,18.639813,49.748849
70713,true,0,18.938800,50.271611
70720,true,0,17.047233,54.465094
70732,false,0,16.872725,52.378767
70733,true,0,17.549619,52.317069
70734,true,0,16.445169,52.317011
70736,true,0,19.626903,51.388331
70738,true,0,16.886022,52.378211
70741,true,0,15.488222,51.954361
70744,true,0,20.050955,53.651023
70745,true,0,19.775336,51.390869
70746,true,0,21.050756,52.292347
70749,true,0,17.006192,51.111942
70752,true,0,20.997534,50.027264
70753,true,0,23.156015,53.150309
70754,true,0,17.000739,51.062442
70756,true,0,20.596227,49.969983
70758,true,0,19.567456,50.281164
70759,true,0,18.698612,50.043416
70771,false,0,19.108422,50.788725
70774,true,0,16.173622,54.188472
70777,true,0,22.580633,51.216039
70807,false,0,16.859847,51.616972
70822,false,0,19.017331,50.276387
70833,true,0,17.932772,51.416089
70843,false,0,20.986048,53.564072
70856,true,0,21.174389,51.409111
70857,true,0,21.542795,51.590816
70860,true,0,20.248033,52.237787
70863,true,0,19.105444,50.284536
70864,true,0,19.447500,51.792000
70865,true,0,16.28235,50.781822
70883,false,0,18.680685,50.304225
70912,false,0,17.026218,54.470978
70920,true,0,18.424131,54.790386
70924,false,0,23.468761,51.124678
70926,false,0,16.906906,52.459781
70928,false,0,14.567335,53.543023
70929,false,0,14.473075,53.454808
70930,true,0,16.378448,51.267943
70931,true,0,16.376608,51.267067
70933,false,0,19.222834,50.328279
70934,false,0,17.498471,51.967256
70937,true,0,19.357369,54.166500
70946,true,0,14.718397,51.908802
70952,false,0,19.012642,50.302503
70953,false,0,18.923883,50.303803
70954,false,0,21.813139,53.622083
70955,false,0,14.383936,53.451194
70957,false,0,19.571424,53.588658
70960,false,0,21.431972,50.054778
70965,false,0,15.015087,51.151113
70971,false,0,18.66255,50.233541
70984,false,0,18.943272,50.369269
70988,false,0,18.597922,54.336751
70992,false,0,21.159898,51.425322
70993,false,0,18.274242,52.796542
70994,true,0,21.500433,52.122322
70998,false,0,17.474546,50.845893
70999,true,0,21.131833,52.185278
71008,true,0,19.779296,51.460131
71009,false,0,21.169667,52.160000
71010,false,0,14.434500,52.959194
71011,false,0,15.978611,54.007222
71016,true,0,18.644569,53.476697
71019,false,0,19.093884,50.256569
71021,false,0,22.367861,53.807222
71025,true,0,15.127664,52.017303
71026,false,0,18.98331,50.193686
71032,false,0,23.167711,53.152589
71033,false,0,16.373051,52.222325
71036,true,0,20.590278,52.003611
71037,true,0,14.235019,53.898208
71039,false,0,22.941778,54.125528
71040,false,0,18.544262,50.088079
71041,false,0,19.951278,50.094439
71042,false,0,20.895835,52.136343
71044,true,0,19.495819,51.763096
71045,false,0,19.099039,50.286878
71046,false,0,14.485399,53.426789
71047,false,0,21.02362,52.14247
71049,false,0,18.672726,50.304356
71051,false,0,14.542023,53.451168
71052,false,0,17.938938,50.680705
71054,false,0,17.016067,54.451181
71056,true,0,18.954467,50.015569
71057,false,0,17.556944,53.693889
71061,false,0,18.938833,51.608333
71062,false,0,20.364494,53.121675
71064,true,0,14.435806,53.916719
71067,false,0,18.647778,54.257222
71073,true,0,16.113575,54.217249
71075,false,0,19.455278,50.155556
71076,false,0,19.143926,51.591149
71078,false,0,20.644629,50.862901
71084,true,0,14.667923,51.752277
71085,false,0,21.307061,53.877587
71086,true,0,23.120000,52.026111
71088,false,0,19.113829,50.314853
71093,false,0,16.205528,54.176667
71094,true,0,18.7688,53.967166
71114,false,0,18.438932,53.40675
71116,true,0,18.252411,53.059993
71117,true,0,19.355833,51.369167
71118,true,0,19.152500,50.323300
71119,true,0,18.933000,50.303069
71120,true,0,18.632813,50.14293
71121,true,0,18.099306,51.765806
71122,true,0,19.455917,51.815000
71123,true,0,19.566769,50.269489
71124,true,0,18.469933,50.052257
71125,true,0,21.130528,51.413744
71126,true,0,18.831526,50.270689
71127,true,0,19.164810,50.250170
71128,true,0,18.917600,50.295620
71129,true,0,18.865361,50.442581
71130,true,0,18.435726,50.012638
71131,true,0,17.047182,51.086259
71136,true,0,17.610607,52.563828
71137,true,0,19.286671,50.185733
71139,true,0,18.231813,52.184068
71153,true,0,21.560044,53.087615
71169,true,0,22.61357,51.445555
71171,true,0,21.028036,52.362766
71182,true,0,20.910813,52.187967
75004,true,0,19.180048,49.697894
75006,true,0,20.621478,52.841500
75011,true,0,15.565755,51.266691
75020,true,0,20.619031,50.755308
75032,true,0,20.155835,49.470258
75033,true,0,19.972500,49.543056
75039,true,0,16.984603,52.456792
75048,true,0,21.458394,50.741703
75051,false,0,15.93973,52.256988
75052,true,0,16.12617,52.108097
75067,true,0,16.109556,52.335750
75068,true,0,15.428494,51.024356
75069,true,0,15.808983,51.275679
75070,true,0,15.635841,52.571316
75073,true,0,19.201559,52.850631
75074,true,0,15.380205,50.963289
75075,true,0,15.55994,54.139418
75076,true,0,22.392315,53.832546
75078,true,0,20.342699,52.697948
75079,true,0,19.498889,49.886667
75080,true,0,20.695000,51.913611
75081,true,0,19.998981,52.734725
75082,true,0,20.890739,51.873133
75083,true,0,15.263572,51.029064
75085,true,0,21.736847,50.623122
75086,false,0,22.130687,50.043941
75087,true,0,21.488083,51.366500
75089,true,0,15.725824,51.302179
75090,true,0,21.340000,52.132222
75094,true,0,19.415336,50.484962
75095,true,0,20.788034,49.961493
75097,true,0,21.321486,52.469907
75098,true,0,21.680575,50.068303
75100,true,0,16.11189,52.096521
75101,true,0,15.849678,50.790978
75102,true,0,18.569467,54.268236
75103,true,0,17.346972,53.673028
75104,true,0,15.373027,52.272106
75105,true,0,15.320059,52.29547
75106,true,0,22.828646,53.776119
75109,true,0,19.509283,49.728124
75110,true,0,21.006740,52.188098
75111,true,0,20.507661,53.79157
75112,true,0,20.25277,53.748045
75113,true,0,20.109311,53.348619
75114,true,0,18.114797,51.223248
75117,false,0,22.819054,52.001221
75118,true,0,21.760392,50.388958
75119,true,0,null,null
75121,true,0,20.593889,51.134444
75123,true,0,18.952832,49.805913
75126,true,0,15.215925,51.523447
75128,false,0,22.116092,49.612911
75129,true,0,17.851217,50.754782
75131,true,0,22.873889,51.131617
75132,true,0,22.860575,52.431581
75133,true,0,21.040206,50.377778
75134,true,0,21.217619,52.155986
75136,true,0,15.570736,51.305407
75137,true,0,19.653333,49.475278
75139,true,0,18.482803,52.912519
75142,true,0,14.877784,51.6354
75143,true,0,15.580668,51.119751
75144,true,0,21.580276,52.184379
75145,true,0,20.816331,49.899939
75146,true,0,20.681886,49.850997
75148,true,0,21.091898,52.153895
75149,true,0,22.660809,50.044368
75150,true,0,18.621283,53.090758
75151,true,0,19.715492,49.693744
75153,true,0,14.570022,52.348789
75154,true,0,19.663333,49.412222
75155,true,0,20.013389,49.631822
75156,true,0,20.358867,52.603751
75157,true,0,20.415,53.36138889
75158,true,0,20.92921258,52.44897411
75159,false,0,19.386425,52.218099
75160,true,0,20.897206,51.734572
