site_id,fuel_id
10103,39
10103,40
10103,42
10103,47
10104,22
10104,23
10105,39
10105,40
10105,42
10107,22
10107,23
10108,22
10108,23
10111,39
10111,40
10111,42
10116,42
10117,22
10117,23
10120,39
10120,40
10120,42
10120,47
10124,39
10124,40
10124,42
10128,39
10128,40
10128,42
10128,47
10135,39
10135,40
10135,42
10135,47
10140,39
10140,40
10140,42
10142,39
10142,40
10142,42
10142,47
10145,22
10145,23
10146,39
10146,40
10146,42
10151,39
10151,40
10151,42
10154,22
10154,23
10155,39
10155,40
10155,42
10156,39
10156,40
10156,42
10157,39
10157,40
10157,42
10157,47
10158,22
10158,23
10160,22
10160,23
10169,39
10169,40
10169,42
10171,39
10171,40
10171,42
10171,47
10172,39
10172,40
10172,42
10172,47
10177,22
10177,23
10189,39
10189,40
10189,42
10191,39
10191,40
10191,42
10191,47
10195,39
10195,40
10195,42
10198,22
10198,23
10199,22
10199,23
10201,39
10201,40
10201,42
10201,47
10206,22
10206,23
10208,22
10208,23
10210,39
10210,40
10210,42
10210,47
10212,39
10212,40
10212,42
10213,39
10213,40
10213,42
10213,47
10216,22
10216,23
10224,22
10224,23
10226,22
10226,23
10228,39
10228,40
10228,42
10228,47
10229,39
10229,40
10229,42
10230,39
10230,40
10230,42
10230,47
10234,39
10234,40
10234,42
10235,39
10235,40
10235,42
10235,47
10237,39
10237,40
10237,42
10237,47
10238,39
10238,40
10238,42
10238,47
10243,22
10243,23
10245,22
10245,23
10246,39
10246,40
10246,42
10248,39
10248,40
10248,42
10248,47
10250,22
10250,23
10252,39
10252,40
10252,42
10254,39
10254,40
10254,42
10254,47
10255,22
10255,23
10257,39
10257,40
10257,42
10260,39
10260,40
10260,42
10264,39
10264,40
10264,42
10265,39
10265,40
10265,42
10266,39
10266,40
10266,42
10266,47
10269,39
10269,40
10269,42
10269,47
10270,39
10270,40
10270,42
10270,47
10271,39
10271,40
10271,42
10271,47
10276,22
10276,23
10279,39
10279,40
10279,42
10280,39
10280,40
10280,42
10280,47
10282,39
10282,40
10282,42
10282,47
10284,22
10284,23
10287,22
10287,23
10289,39
10289,40
10289,42
10290,39
10290,40
10290,42
10291,39
10291,40
10291,42
10292,39
10292,40
10292,42
10292,47
10295,39
10295,40
10295,42
10296,39
10296,40
10296,42
10296,47
10299,39
10299,40
10299,42
10299,47
10302,22
10302,23
10303,39
10303,40
10303,42
10304,39
10304,40
10304,42
10304,47
10306,39
10306,40
10306,42
10306,47
10308,39
10308,40
10308,42
10308,47
10311,39
10311,40
10311,42
10311,47
10317,39
10317,40
10317,42
10318,39
10318,40
10318,42
10318,47
10320,39
10320,40
10320,42
10323,39
10323,40
10323,42
10323,47
10328,22
10328,23
10329,22
10329,23
10331,22
10331,23
10332,39
10332,40
10332,42
10332,47
10333,39
10333,40
10333,42
10333,47
10336,22
10336,23
10339,22
10339,23
10344,39
10344,40
10344,42
10344,47
10345,22
10345,23
10346,22
10346,23
10347,39
10347,40
10347,42
10347,47
10350,39
10350,40
10350,42
10351,39
10351,40
10351,42
10355,22
10355,23
10356,39
10356,40
10356,42
10357,22
10357,23
10359,39
10359,40
10359,42
10364,22
10364,23
10367,39
10367,40
10367,42
10368,39
10368,40
10368,42
10368,47
10369,22
10369,23
10372,39
10372,40
10372,42
10372,47
10373,39
10373,40
10373,42
10374,39
10374,40
10374,42
10377,22
10377,23
10378,39
10378,40
10378,42
10380,22
10380,23
10383,39
10383,40
10383,42
10387,22
10387,23
10390,22
10390,23
10391,39
10391,40
10391,42
10392,22
10392,23
10393,39
10393,40
10393,42
10393,47
10394,39
10394,40
10394,42
10394,47
10395,22
10395,23
10396,39
10396,40
10396,42
10397,42
10400,42
10403,39
10403,40
10403,42
10407,42
10420,22
10420,23
10426,39
10426,40
10426,42
10428,39
10428,40
10428,42
10428,47
10430,22
10430,23
10432,39
10432,40
10432,42
10432,47
10435,39
10435,40
10435,42
10437,39
10437,40
10437,42
10440,39
10440,40
10440,42
10440,47
10441,39
10441,40
10441,42
10442,39
10442,40
10442,42
10442,47
10443,39
10443,40
10443,42
10444,39
10444,40
10444,42
10444,47
10445,22
10445,23
10450,22
10450,23
10452,39
10452,40
10452,42
10452,47
10453,39
10453,40
10453,42
10453,47
10454,39
10454,40
10454,42
10454,47
10455,22
10455,23
10456,39
10456,40
10456,42
10457,39
10457,40
10457,42
10458,39
10458,40
10458,42
10458,47
10459,39
10459,40
10459,42
10459,47
10460,39
10460,40
10460,42
10461,39
10461,40
10461,42
10462,39
10462,40
10462,42
10464,39
10464,40
10464,42
10465,22
10465,23
10466,39
10466,40
10466,42
10467,39
10467,40
10467,42
10468,22
10468,23
10469,39
10469,40
10469,42
10486,42
10487,22
10487,23
10491,22
10491,23
10492,22
10492,23
10494,22
10494,23
10498,39
10498,40
10498,42
10499,22
10499,23
10503,39
10503,40
10503,42
10503,47
10504,39
10504,40
10504,42
10504,47
10505,39
10505,40
10505,42
10506,22
10506,23
10510,39
10510,40
10510,42
10511,39
10511,40
10511,42
10517,22
10517,23
10518,39
10518,40
10518,42
10519,22
10519,23
10521,39
10521,40
10521,42
10522,39
10522,40
10522,42
10522,47
10525,39
10525,40
10525,42
10525,47
10526,42
10530,39
10530,40
10530,42
10535,39
10535,40
10535,42
10538,42
10543,42
10553,39
10553,40
10553,42
10565,22
10565,23
10567,39
10567,40
10567,42
10573,39
10573,40
10573,42
10573,47
10585,22
10585,23
10588,22
10588,23
10601,39
10601,40
10601,42
10601,47
10603,39
10603,40
10603,42
10603,47
10610,39
10610,40
10610,42
10615,39
10615,40
10615,42
10617,22
10617,23
10622,39
10622,40
10622,42
10626,39
10626,40
10626,42
10629,42
10650,42
10653,39
10653,40
10653,42
10656,39
10656,40
10656,42
10656,47
10659,22
10659,23
10663,42
10666,39
10666,40
10666,42
10666,47
10667,39
10667,40
10667,42
10668,22
10668,23
10670,39
10670,40
10670,42
10670,47
10672,22
10672,23
10674,39
10674,40
10674,42
10677,39
10677,40
10677,42
10689,42
10690,39
10690,40
10690,42
10690,47
10692,39
10692,40
10692,42
10692,47
10694,39
10694,40
10694,42
10697,42
10701,42
10702,22
10702,23
10705,39
10705,40
10705,42
10708,39
10708,40
10708,42
10708,47
10724,39
10724,40
10724,42
10725,39
10725,40
10725,42
10725,47
10729,39
10729,40
10729,42
10729,47
10732,39
10732,40
10732,42
10734,22
10734,23
10735,22
10735,23
10737,22
10737,23
10738,22
10738,23
10742,39
10742,40
10742,42
10742,47
10743,22
10743,23
10747,42
10749,42
10750,39
10750,40
10750,42
10750,47
10752,22
10752,23
10753,22
10753,23
10759,22
10759,23
10760,39
10760,40
10760,42
10765,39
10765,40
10765,42
10766,42
10768,23
10770,39
10770,40
10770,42
10771,39
10771,40
10771,42
10771,47
10774,39
10774,40
10774,42
10776,39
10776,40
10776,42
10776,47
10777,42
10778,22
10778,23
10779,39
10779,40
10779,42
10779,47
10781,42
10783,39
10783,40
10783,42
10783,47
10784,22
10784,23
10785,39
10785,40
10785,42
10788,22
10788,23
10790,39
10790,40
10790,42
10791,42
10792,22
10792,23
10793,22
10793,23
10794,22
10794,23
10795,22
10795,23
10796,22
10796,23
10798,22
10798,23
10799,39
10799,40
10799,42
10801,39
10801,40
10801,42
10801,47
10802,39
10802,40
10802,42
10802,47
10804,22
10804,23
10806,22
10806,23
10807,39
10807,40
10807,42
10809,39
10809,40
10809,42
10809,47
10811,22
10811,23
10813,39
10813,40
10813,42
10815,39
10815,40
10815,42
10815,47
10816,22
10816,23
10817,39
10817,40
10817,42
10818,22
10818,23
10819,39
10819,40
10819,42
10819,47
10820,39
10820,40
10820,42
10820,47
10821,39
10821,40
10821,42
10821,47
10822,39
10822,40
10822,42
10822,47
10827,22
10827,23
10828,39
10828,40
10828,42
10828,47
10829,22
10829,23
10830,22
10830,23
10831,22
10831,23
10833,39
10833,40
10833,42
10833,47
10835,22
10835,23
10836,22
10836,23
10837,22
10837,23
10838,22
10838,23
10842,39
10842,40
10842,42
10842,47
10843,39
10843,40
10843,42
10844,39
10844,40
10844,42
10845,39
10845,40
10845,42
10845,47
10846,39
10846,40
10846,42
10847,39
10847,40
10847,42
10848,39
10848,40
10848,42
10849,22
10849,23
10850,39
10850,40
10850,42
10851,22
10851,23
10852,39
10852,40
10852,42
10853,39
10853,40
10853,42
10855,39
10855,40
10855,42
10855,47
10858,22
10858,23
10859,22
10859,23
10860,39
10860,40
10860,42
10860,47
10861,39
10861,40
10861,42
10861,47
10863,22
10863,23
10864,22
10864,23
10865,39
10865,40
10865,42
10865,47
10866,22
10866,23
10868,22
10868,23
10869,22
10869,23
10870,39
10870,40
10870,42
10870,47
10873,22
10873,23
10874,22
10874,23
10875,39
10875,40
10875,42
10876,39
10876,40
10876,42
10877,22
10877,23
10878,22
10878,23
10881,22
10881,23
10883,39
10883,40
10883,42
10886,42
10891,22
10891,23
10892,22
10892,23
10893,39
10893,40
10893,42
10894,39
10894,40
10894,42
10895,22
10895,23
10896,39
10896,40
10896,42
10896,47
10897,22
10897,23
10898,42
10900,22
10900,23
10901,22
10901,23
10903,39
10903,40
10903,42
10903,47
10909,39
10909,40
10909,42
10909,47
10910,22
10910,23
10911,22
10911,23
10912,22
10912,23
10914,22
10914,23
10915,22
10915,23
10916,22
10916,23
10917,22
10917,23
10918,39
10918,40
10918,42
10918,47
10919,22
10919,23
10921,22
10921,23
10922,22
10922,23
10924,22
10924,23
10925,22
10925,23
10926,22
10926,23
10927,22
10927,23
10928,22
10928,23
10929,39
10929,40
10929,42
10929,47
10930,22
10930,23
10932,22
10932,23
10933,22
10933,23
10934,39
10934,40
10934,42
10934,47
10937,22
10937,23
10938,22
10938,23
10939,39
10939,40
10939,42
10939,47
10940,39
10940,40
10940,42
10940,47
10943,22
10943,23
10949,39
10949,40
10949,42
10949,47
10951,22
10951,23
10952,22
10952,23
10953,22
10953,23
10955,22
10955,23
10957,22
10957,23
10957,25
10959,39
10959,40
10959,42
10960,39
10960,40
10960,42
10960,47
10962,39
10962,40
10962,42
10963,39
10963,40
10963,42
10963,47
10965,22
10965,23
10966,39
10966,40
10966,42
10966,47
10967,22
10967,23
10968,39
10968,40
10968,42
10968,47
10969,39
10969,40
10969,42
10970,39
10970,40
10970,42
10970,47
10971,39
10971,40
10971,42
10971,47
10972,39
10972,40
10972,42
10972,47
10974,22
10974,23
10981,22
10981,23
10984,22
10984,23
10987,42
10988,22
10988,23
21209,29
21209,40
21209,44
21209,46
21225,29
21225,40
21225,44
21225,46
21273,29
21273,40
21273,44
21273,46
21301,19
21301,29
21301,40
21301,44
21301,46
21302,29
21302,40
21302,44
21302,46
21313,29
21313,40
21313,44
21313,46
21314,29
21314,40
21314,44
21314,46
21349,29
21349,40
21349,44
21349,46
21350,29
21350,40
21350,44
21350,46
21352,29
21352,40
21352,44
21352,46
21405,29
21405,40
21405,44
21405,46
21469,29
21469,40
21469,44
21469,46
21507,29
21507,40
21507,44
21507,46
21510,29
21510,40
21510,44
21510,46
21520,29
21520,40
21520,44
21520,46
21535,29
21535,40
21535,44
21535,46
22123,29
22123,40
22123,42
22123,46
22171,29
22171,40
22171,42
22171,46
22181,29
22181,40
22181,44
22181,46
22182,29
22182,40
22182,44
22182,46
22183,29
22183,40
22183,44
22183,46
22183,47
22184,29
22184,40
22184,44
22184,46
22185,29
22185,40
22185,44
22185,46
22186,29
22186,40
22186,42
22186,46
22189,44
22189,40
22189,46
22189,47
22189,19
22189,29
22190,40
22190,46
22190,47
22190,29
22191,44
22191,40
22191,46
22191,47
22191,29
22215,29
22215,40
22215,42
22215,46
22245,29
22245,40
22245,42
22245,46
22279,29
22279,40
22279,42
22279,46
22297,20
22297,25
22297,29
22348,29
22348,40
22348,44
22348,46
22457,29
22457,40
22457,44
22457,46
22602,29
22602,40
22602,42
22602,46
22604,29
22604,40
22604,44
22604,46
22605,29
22605,40
22605,44
22605,46
22606,29
22606,31
22606,40
22606,44
22606,46
22608,20
22608,25
22608,29
22609,29
22609,40
22609,42
22609,46
22611,20
22611,25
22611,29
22612,20
22612,25
22612,29
22616,29
22616,40
22616,42
22616,46
22618,29
22618,40
22618,44
22618,46
22620,20
22620,27
22620,29
22621,29
22621,40
22621,44
22621,46
22622,20
22622,25
22622,29
22624,29
22624,40
22624,44
22624,46
22624,47
22625,20
22625,25
22625,29
22626,20
22626,27
22626,29
22629,29
22629,40
22629,44
22629,46
22630,29
22630,40
22630,44
22630,46
22631,29
22631,40
22631,44
22631,46
22633,29
22633,40
22633,44
22633,46
22636,29
22636,40
22636,42
22637,29
22637,40
22637,42
22637,46
22638,20
22638,25
22638,29
22639,29
22639,40
22639,44
22639,46
22644,29
22644,40
22644,44
22644,46
22645,29
22645,40
22645,44
22645,46
22647,29
22647,40
22647,42
22647,46
22648,20
22648,21
22648,25
22648,29
22650,29
22650,40
22650,44
22650,46
22651,29
22651,40
22651,42
22651,46
22654,29
22654,40
22654,44
22654,46
22655,20
22655,25
22655,29
22656,20
22656,25
22656,29
22657,29
22657,40
22657,44
22657,46
22658,29
22658,40
22658,44
22658,46
22660,20
22660,25
22660,29
22662,29
22662,40
22662,44
22662,46
22665,20
22665,27
22665,29
22667,29
22667,40
22667,44
22667,46
22668,29
22668,40
22668,44
22668,46
22669,29
22669,40
22669,42
22669,46
22670,29
22670,40
22670,44
22670,46
22672,20
22672,27
22672,29
22673,29
22673,40
22673,44
22673,46
22673,47
22674,20
22674,25
22674,29
22675,20
22675,27
22675,29
22679,20
22679,27
22679,29
22680,20
22680,25
22680,29
22682,29
22682,40
22682,44
22682,46
22683,29
22683,40
22683,44
22683,46
22684,29
22684,40
22684,42
22684,46
22685,29
22685,40
22685,42
22685,46
22686,20
22686,27
22686,29
22688,20
22688,27
22688,29
22689,29
22689,40
22689,41
22689,42
22691,29
22691,40
22691,41
22691,42
22694,29
22694,40
22694,42
22694,46
22695,20
22695,25
22695,29
22696,20
22696,25
22696,29
22701,29
22701,40
22701,42
22701,46
22706,20
22706,27
22706,29
22708,20
22708,25
22708,29
22709,20
22709,25
22709,29
22710,20
22710,27
22710,29
22711,29
22711,40
22711,44
22711,46
22714,29
22714,40
22714,42
22714,46
22715,29
22715,40
22715,42
22715,46
22717,29
22717,40
22717,44
22717,46
22718,20
22718,25
22718,29
22720,20
22720,27
22720,29
22721,20
22721,21
22721,27
22721,29
22723,29
22723,40
22723,44
22723,46
22724,29
22724,40
22724,42
22724,46
22726,29
22726,40
22726,44
22726,46
22726,47
22727,20
22727,25
22727,29
22729,20
22729,25
22729,29
22731,20
22731,27
22731,29
22733,29
22733,40
22733,42
22733,46
22734,29
22734,40
22734,44
22734,46
22737,29
22737,40
22737,42
22737,46
22738,29
22738,40
22738,42
22738,46
22739,29
22739,40
22739,42
22740,29
22740,40
22740,42
22740,46
22745,29
22745,40
22745,42
22745,46
22747,29
22747,40
22747,44
22747,46
22749,29
22749,40
22749,44
22749,46
22752,20
22752,25
22752,29
22753,29
22753,40
22753,44
22753,46
22756,31
22757,29
22757,40
22757,44
22757,46
22758,29
22758,40
22758,42
22758,46
22762,20
22762,27
22762,29
22763,29
22763,40
22763,42
22763,46
22765,29
22765,40
22765,44
22765,46
22765,47
22766,29
22766,40
22766,44
22766,46
22766,47
22767,29
22767,40
22767,44
22767,46
22770,40
22770,44
22770,46
22776,29
22776,40
22776,44
22776,46
22781,29
22781,40
22781,42
22781,46
22782,20
22782,27
22782,29
22783,29
22783,40
22783,44
22783,46
22784,20
22784,27
22784,29
22785,20
22785,25
22785,29
22788,20
22788,25
22788,29
22789,20
22789,27
22789,29
22790,29
22790,40
22790,42
22790,46
22792,20
22792,25
22792,29
22793,20
22793,27
22793,29
22794,20
22794,27
22794,29
22795,29
22795,40
22795,44
22795,46
22795,47
22796,20
22796,27
22796,29
22797,29
22797,40
22797,44
22797,46
22797,47
22798,29
22798,31
22798,40
22798,44
22798,46
22799,20
22799,25
22799,29
22800,20
22800,25
22800,29
22802,29
22802,40
22802,44
22802,46
22803,29
22803,40
22803,44
22803,46
22804,20
22804,27
22804,29
22808,20
22808,25
22808,29
22810,29
22810,40
22810,44
22810,46
22812,20
22812,27
22812,29
22814,20
22814,21
22814,27
22814,29
22815,29
22815,40
22815,44
22815,46
22816,20
22816,25
22816,29
22821,29
22821,40
22821,44
22821,46
22824,20
22824,27
22824,29
22827,29
22827,40
22827,44
22827,46
22828,29
22828,40
22828,44
22828,46
22831,29
22831,40
22831,44
22831,46
22832,20
22832,25
22832,29
22835,20
22835,27
22835,29
22837,29
22837,40
22837,44
22837,46
22839,29
22839,40
22839,42
22839,46
22840,29
22840,40
22840,44
22840,46
23117,29
23117,40
23117,44
23117,46
23117,47
23131,29
23131,40
23131,44
23131,46
23149,20
23149,27
23149,29
23185,29
23185,31
23185,40
23185,44
23185,46
23391,29
23391,40
23391,44
23391,46
23391,47
23425,29
23425,40
23425,44
23425,46
23509,29
23509,40
23509,44
23509,46
23509,47
23611,29
23611,31
23611,40
23611,44
23611,46
23611,47
23645,29
23645,40
23645,44
23645,46
23649,29
23649,31
23649,40
23649,44
23649,46
23653,29
23653,40
23653,44
23653,46
24209,29
24209,40
24209,41
24209,42
24290,29
24290,40
24290,44
24290,46
24297,29
24297,40
24297,42
24297,46
24298,29
24298,40
24298,42
24298,46
24364,29
24364,40
24364,42
24364,46
24389,29
24389,40
24389,42
24389,46
24477,29
24477,40
24477,42
24477,46
24503,29
24503,40
24503,42
24503,46
24533,20
24533,27
24533,29
24541,29
24541,40
24541,44
24541,46
24542,29
24542,40
24542,44
24542,46
24573,29
24573,40
24573,44
24573,46
24587,29
24587,40
24587,44
24587,46
24625,29
24625,40
24625,42
24625,46
24643,29
24643,40
24643,44
24643,46
24669,29
24669,40
24669,44
24669,46
24701,20
24701,27
24701,29
24702,20
24702,25
24705,20
24705,27
24705,29
24706,20
24706,27
24706,29
24707,20
24707,25
24707,29
24708,20
24708,27
24709,20
24709,25
24709,29
24710,20
24710,27
24710,29
24715,20
24715,25
24716,20
24716,25
24717,20
24717,25
24720,20
24720,25
24723,20
24723,27
24723,29
24726,20
24726,27
24726,29
24728,20
24728,25
24728,29
24731,29
24731,31
24731,40
24731,44
24731,46
24732,20
24732,25
24732,29
24733,20
24733,25
24733,29
24800,20
24800,21
24800,27
24800,29
24801,20
24801,27
24801,29
24802,20
24802,27
24802,29
24803,20
24803,27
24803,29
24805,20
24805,27
24805,29
24806,20
24806,27
24806,29
24807,20
24807,27
24807,29
24808,20
24808,27
24808,29
24809,20
24809,27
24809,29
24810,20
24810,27
24810,29
24811,20
24811,27
24811,29
24812,20
24812,27
24812,29
24813,20
24813,27
24813,29
24814,20
24814,27
24814,29
24815,20
24815,27
24815,29
24816,20
24816,21
24816,27
24816,29
24817,20
24817,27
24817,29
24818,20
24818,27
24818,29
24819,20
24819,27
24819,29
24820,20
24820,27
24820,29
24821,20
24821,27
24821,29
24822,20
24822,21
24822,27
24822,29
24823,20
24823,21
24823,27
24823,29
24824,20
24824,27
24824,29
24825,20
24825,21
24825,27
24825,29
24826,20
24826,21
24826,27
24826,29
24827,20
24827,21
24827,27
24827,29
24828,20
24828,21
24828,27
24828,29
24829,20
24829,21
24829,25
24829,29
24830,20
24830,21
24830,25
24830,29
24831,20
24831,27
24831,29
24832,20
24832,27
24832,29
24833,20
24833,25
24833,29
24834,20
24834,27
24834,29
24836,20
24836,25
24836,29
24837,20
24837,21
24837,27
24837,29
24838,20
24838,25
24838,29
24839,20
24839,25
24839,29
24840,20
24840,21
24840,25
24840,29
24841,20
24841,25
24841,29
24842,20
24842,25
24842,29
24843,20
24843,25
24843,29
24844,20
24844,25
24844,29
24845,20
24845,21
24845,25
24845,29
24846,20
24846,21
24846,25
24846,29
24847,20
24847,21
24847,25
24847,29
24848,20
24848,25
24848,29
24849,20
24849,25
24849,29
24850,20
24850,25
24850,29
24851,20
24851,25
24851,29
24852,20
24852,25
24852,29
24853,20
24853,25
24853,29
24854,20
24854,21
24854,25
24854,29
24856,20
24856,25
24856,29
24857,20
24857,25
24857,29
24858,20
24858,25
24858,29
24859,20
24859,25
24859,29
24860,20
24860,25
24860,29
24861,20
24861,25
24861,29
24863,20
24863,21
24863,25
24863,29
24864,20
24864,25
24864,29
24865,20
24865,25
24865,29
24866,20
24866,21
24866,25
24866,29
24867,20
24867,21
24867,25
24867,29
24868,20
24868,25
24868,29
24869,20
24869,21
24869,25
24869,29
24870,20
24870,25
24870,29
24871,20
24871,21
24871,25
24871,29
24872,20
24872,21
24872,25
24872,29
24873,20
24873,21
24873,25
24873,29
24874,20
24874,25
24874,29
24875,20
24875,25
24875,29
24876,20
24876,25
24876,29
24877,20
24877,25
24877,29
24878,20
24878,25
24878,29
24879,20
24879,25
24879,29
24880,20
24880,25
24880,29
24881,20
24881,25
24881,29
24882,20
24882,25
24882,29
24883,20
24883,25
24883,29
24884,20
24884,25
24884,29
24885,20
24885,25
24885,29
24886,20
24886,21
24886,25
24886,29
24887,20
24887,25
24887,29
24888,20
24888,25
24888,29
24889,20
24889,21
24889,25
24889,29
24890,20
24890,27
24890,29
24891,20
24891,25
24891,29
24892,20
24892,25
24892,29
24893,20
24893,27
24893,29
24894,20
24894,21
24894,27
24894,29
24895,20
24895,27
24895,29
24896,20
24896,27
24896,29
24897,20
24897,21
24897,27
24897,29
24898,20
24898,27
24898,29
24899,20
24899,27
24899,29
24900,20
24900,27
24900,29
24901,20
24901,27
24901,29
24902,20
24902,27
24902,29
24903,20
24903,27
24903,29
24904,20
24904,27
24904,29
24905,20
24905,21
24905,27
24905,29
24906,20
24906,27
24906,29
24907,20
24907,27
24907,29
24908,20
24908,27
24908,29
24909,20
24909,27
24909,29
24910,20
24910,21
24910,27
24910,29
24911,20
24911,21
24911,27
24911,29
24912,20
24912,27
24912,29
24913,20
24913,27
24913,29
24914,20
24914,21
24914,27
24914,29
24915,20
24915,27
24915,29
24916,20
24916,27
24916,29
24917,20
24917,27
24917,29
24918,20
24918,27
24918,29
24919,20
24919,27
24919,29
24921,20
24921,27
24921,29
24922,20
24922,27
24922,29
24923,20
24923,27
24923,29
24924,20
24924,21
24924,27
24924,29
24925,20
24925,21
24925,27
24925,29
24926,20
24926,21
24926,27
24926,29
24927,20
24927,21
24927,25
24927,29
24928,20
24928,21
24928,25
24928,29
24929,20
24929,21
24929,27
25101,42
25102,42
25103,42
25104,19
25105,42
25106,19
25106,44
25107,42
25108,44
25109,42
25110,44
25111,42
25112,42
25113,42
25114,42
25115,44
25116,44
25117,42
25118,42
25119,42
25120,42
25122,42
25123,42
25124,42
25125,42
25126,42
25127,42
25128,42
25129,44
25130,42
25131,42
25132,44
25133,42
25134,42
25135,44
25136,44
25137,44
25138,42
25140,19
25141,42
25142,44
25143,42
25144,42
25147,44
25148,44
25150,19
25150,44
25151,42
25152,44
25153,42
25154,44
25155,44
25157,44
25158,42
25159,42
25161,44
25162,19
25162,44
25163,19
25163,44
25166,42
25167,42
25168,42
25169,42
25170,44
25171,42
25172,42
25173,42
25174,42
25175,44
25176,42
25177,42
25178,42
25180,42
25181,42
25182,42
25183,42
25184,42
25185,42
25186,42
25187,42
25188,44
25189,44
25190,44
25194,42
25195,44
25196,44
25197,44
25198,44
25200,44
25201,42
25202,42
25203,42
25204,44
25205,44
25206,44
25207,42
25208,42
25209,42
25210,42
25211,42
25212,42
25213,42
25214,42
25215,42
25218,42
25220,42
25221,42
25229,42
25230,42
25239,42
25240,44
25241,19
25241,31
25241,44
25242,44
25243,19
25243,44
25801,42
25802,42
25803,19
25803,44
25805,44
25807,44
25808,44
25809,42
25813,44
25814,44
25815,44
25816,42
25818,44
25821,44
25822,42
25825,44
25840,42
25841,42
25842,44
25843,42
25849,42
25850,42
25859,42
25861,42
25869,42
25883,42
25884,42
25885,42
25886,42
25914,42
25917,42
25918,19
25918,44
25922,42
25923,42
25925,42
25932,42
25933,44
25934,44
25937,42
25939,42
25950,44
25951,44
25952,42
25959,42
25961,44
25966,44
25970,42
25971,44
25972,42
25973,44
25974,44
25976,44
25977,42
25978,44
25979,44
25980,44
25981,44
25982,44
25983,42
25984,42
25987,44
25989,44
25992,36
25992,42
25993,42
26105,29
26105,40
26105,44
26105,46
26107,29
26107,40
26107,44
26107,46
26108,20
26108,27
26108,29
26112,20
26112,27
26112,29
26113,29
26113,40
26113,44
26113,46
26114,29
26114,40
26114,44
26114,46
26115,20
26115,27
26115,29
26116,20
26116,27
26116,29
26117,20
26117,27
26117,29
26119,29
26119,40
26119,44
26119,46
26120,29
26120,40
26120,44
26120,46
26124,29
26124,40
26124,44
26124,46
26128,29
26128,40
26128,44
26128,46
26132,20
26132,27
26132,29
26134,20
26134,27
26134,29
26135,20
26135,27
26135,29
26139,29
26139,40
26139,44
26139,46
26141,29
26141,40
26141,44
26141,46
26145,29
26145,40
26145,44
26145,46
26199,20
26199,27
26199,29
26202,29
26202,40
26202,44
26202,46
26205,29
26205,40
26205,44
26205,46
26207,20
26207,27
26207,29
26209,29
26209,40
26209,44
26209,46
26210,29
26210,40
26210,44
26210,46
26214,20
26214,27
26214,29
26215,29
26215,40
26215,44
26215,46
26217,29
26217,40
26217,44
26217,46
26220,20
26220,27
26220,29
26221,29
26221,40
26221,44
26221,46
26222,20
26222,27
26222,29
26224,29
26224,40
26224,44
26224,46
26226,29
26226,40
26226,44
26226,46
26227,29
26227,40
26227,44
26227,46
26230,20
26230,27
26230,29
26232,29
26232,40
26232,44
26232,46
26233,29
26233,40
26233,44
26233,46
26235,20
26235,27
26235,29
26236,29
26236,40
26236,44
26236,46
26238,29
26238,40
26238,44
26238,46
26240,20
26240,27
26240,29
26307,29
26307,40
26307,42
26307,46
26308,29
26308,40
26308,42
26308,46
26311,20
26311,25
26311,29
26312,29
26312,40
26312,42
26314,29
26314,40
26314,42
26314,46
26318,29
26318,40
26318,42
26318,46
26320,29
26320,40
26320,44
26320,46
26323,29
26323,40
26323,42
26323,46
26326,20
26326,25
26326,29
26327,20
26327,25
26327,29
26330,29
26330,40
26330,42
26330,46
26332,29
26332,40
26332,42
26332,46
26333,29
26333,40
26333,44
26333,46
26335,29
26335,40
26335,42
26335,46
26336,29
26336,40
26336,42
26336,46
26337,29
26337,40
26337,42
26337,46
26340,29
26340,40
26340,44
26340,46
26341,29
26341,40
26341,42
26341,46
26342,29
26342,40
26342,42
26342,46
26345,29
26345,40
26345,42
26345,46
26348,29
26348,40
26348,42
26348,46
26405,29
26405,40
26405,42
26405,46
26407,29
26407,40
26407,42
26407,46
26408,29
26408,40
26408,42
26408,46
26409,20
26409,25
26409,29
26410,29
26410,40
26410,42
26410,46
26412,20
26412,25
26412,29
26413,20
26413,25
26415,20
26415,25
26415,29
26416,29
26416,40
26416,42
26416,46
26418,29
26418,40
26418,42
26418,46
26422,20
26422,25
26422,29
26423,29
26423,40
26423,42
26423,46
26424,29
26424,40
26424,42
26424,46
26425,29
26425,40
26425,42
26425,46
26427,20
26427,25
26427,29
26428,29
26428,40
26428,42
26428,46
26431,20
26431,25
26431,29
26434,20
26434,25
26434,29
26435,29
26435,40
26435,42
26435,46
26437,20
26437,25
26437,29
26506,29
26506,40
26506,44
26506,46
26511,20
26511,25
26511,29
26514,20
26514,25
26514,29
26515,29
26515,40
26515,42
26515,46
26519,20
26519,25
26519,29
26522,20
26522,25
26522,29
26523,29
26523,40
26523,42
26523,46
26525,20
26525,25
26525,29
26527,20
26527,25
26527,29
26533,29
26533,40
26533,44
26533,42
26533,46
26537,20
26537,25
26537,29
26540,20
26540,25
26540,29
26541,29
26541,40
26541,42
26541,46
26542,29
26542,40
26542,44
26542,46
26543,29
26543,31
26543,40
26543,42
26543,46
26606,20
26606,27
26606,29
26607,20
26607,27
26607,29
26609,29
26609,40
26609,44
26609,46
26610,29
26610,40
26610,44
26610,46
26617,29
26617,31
26617,40
26617,44
26617,46
26619,20
26619,27
26619,29
26623,29
26623,40
26623,44
26623,46
26624,29
26624,40
26624,44
26624,46
26624,47
26626,29
26626,40
26626,44
26626,46
26629,29
26629,40
26629,44
26629,46
26631,29
26631,40
26631,44
26631,46
26632,29
26632,40
26632,44
26632,46
26632,47
26634,29
26634,40
26634,44
26634,46
26635,29
26635,40
26635,44
26635,46
26636,29
26636,31
26636,40
26636,44
26636,46
26637,29
26637,40
26637,44
26637,46
26638,29
26638,40
26638,44
26638,46
26639,29
26639,40
26639,44
26639,46
26642,29
26642,40
26642,44
26642,46
26643,29
26643,40
26643,44
26643,46
26645,29
26645,40
26645,44
26645,46
26650,29
26650,40
26650,44
26650,46
26655,29
26655,40
26655,44
26655,46
26660,29
26660,40
26660,44
26660,46
26660,47
26802,29
26802,40
26802,42
26802,46
26808,20
26808,21
26808,25
26808,29
26812,20
26812,25
26812,29
26814,20
26814,25
26814,29
26815,29
26815,40
26815,41
26815,42
26818,20
26818,25
26818,29
26819,29
26819,40
26819,41
26819,42
26820,29
26820,40
26820,41
26820,42
26821,29
26821,40
26821,41
26821,42
26823,29
26823,40
26823,41
26823,42
26826,20
26826,25
26826,29
26829,29
26829,40
26829,42
26829,46
26830,29
26830,40
26830,41
26830,42
26832,20
26832,25
26832,29
26836,29
26836,40
26836,44
26836,46
26841,29
26841,40
26841,44
26841,46
26843,29
26843,40
26843,41
26843,42
26906,20
26906,25
26906,29
26907,29
26907,40
26907,41
26907,42
26908,29
26908,40
26908,42
26908,46
26909,20
26909,25
26910,20
26910,25
26910,29
26911,29
26911,40
26911,42
26911,46
26914,29
26914,40
26914,41
26914,44
26915,29
26915,40
26915,41
26915,42
26917,29
26917,40
26917,41
26917,42
26918,29
26918,40
26918,44
26918,46
26921,20
26921,25
26921,29
26922,20
26922,25
26922,29
26923,29
26923,40
26923,41
26923,42
26925,29
26925,40
26925,41
26925,42
26927,29
26927,40
26927,41
26927,42
26929,29
26929,40
26929,42
26929,46
26930,20
26930,25
26930,29
26931,29
26931,40
26931,42
26931,46
26932,20
26932,25
26933,29
26933,40
26933,41
26933,42
26937,20
26937,25
26937,29
26938,20
26938,25
26938,29
26939,29
26939,40
26939,41
26939,42
26941,29
26941,40
26941,41
26941,42
26942,29
26942,40
26942,42
26942,46
26944,29
26944,40
26944,41
26944,42
27007,20
27007,25
27016,29
27016,40
27016,44
27016,46
27017,20
27017,25
27017,29
27020,29
27020,40
27020,42
27020,46
27022,20
27022,25
27022,29
27023,20
27023,25
27023,29
27025,20
27025,25
27025,29
27028,20
27028,25
27029,29
27029,40
27029,42
27029,46
27032,29
27032,31
27032,40
27032,42
27032,46
27034,20
27034,25
27034,29
27036,20
27036,25
27036,29
27037,29
27037,40
27037,42
27037,46
27040,29
27040,40
27040,42
27040,46
27087,20
27087,25
27087,29
27105,29
27105,40
27105,41
27105,42
27110,29
27110,40
27110,42
27110,46
27114,20
27114,25
27114,29
27115,29
27115,40
27115,42
27115,46
27116,20
27116,25
27116,29
27117,29
27117,40
27117,42
27117,46
27119,20
27119,25
27119,29
27121,29
27121,40
27121,42
27121,46
27123,20
27123,25
27123,29
27124,20
27124,25
27124,29
27126,29
27126,40
27126,42
27126,46
27127,29
27127,40
27127,42
27127,46
27130,29
27130,40
27130,42
27130,46
27132,29
27132,40
27132,42
27132,46
27133,29
27133,40
27133,41
27133,42
27134,29
27134,40
27134,42
27134,46
27139,29
27139,40
27139,41
27139,42
27140,29
27140,40
27140,41
27140,42
27141,29
27141,40
27141,41
27141,42
27146,29
27146,40
27146,41
27146,42
27191,29
27191,40
27191,41
27191,42
27202,29
27202,40
27202,42
27202,46
27204,29
27204,40
27204,42
27204,46
27206,29
27206,40
27206,42
27206,46
27207,29
27207,40
27207,42
27207,46
27209,29
27209,40
27209,42
27209,46
27210,29
27210,40
27210,42
27210,46
27211,20
27211,25
27211,29
27213,29
27213,40
27213,42
27213,46
27215,20
27215,25
27215,29
27217,20
27217,25
27217,29
27219,20
27219,25
27219,29
27220,29
27220,40
27220,42
27220,46
27222,29
27222,40
27222,42
27222,46
27223,20
27223,25
27223,29
27224,20
27224,25
27224,29
27225,29
27225,40
27225,42
27225,46
27227,29
27227,40
27227,41
27227,42
27228,20
27228,25
27228,29
27229,20
27229,25
27229,29
27230,29
27230,40
27230,42
27230,46
27232,20
27232,25
27232,29
27235,29
27235,40
27235,41
27235,42
27238,20
27238,25
27238,29
27239,20
27239,25
27239,29
27240,29
27240,40
27240,42
27240,46
27241,29
27241,40
27241,41
27241,42
27243,29
27243,40
27243,42
27243,46
27247,29
27247,40
27247,41
27247,42
27248,29
27248,40
27248,41
27248,42
27249,29
27249,40
27249,41
27249,42
27250,29
27250,40
27250,42
27250,46
27253,20
27253,25
27253,29
27254,20
27254,25
27254,29
27255,29
27255,40
27255,41
27255,42
27260,29
27260,40
27260,41
27260,42
27261,29
27261,40
27261,41
27261,42
27268,29
27268,40
27268,41
27268,42
27270,20
27270,25
27270,29
27273,29
27273,40
27273,41
27273,42
27274,20
27274,25
27274,29
27275,29
27275,40
27275,42
27275,46
27309,20
27309,25
27309,29
27311,29
27311,40
27311,41
27311,42
27313,29
27313,40
27313,41
27313,42
27396,20
27396,25
27396,29
27403,20
27403,27
27403,29
27408,29
27408,40
27408,44
27408,46
27413,20
27413,25
27413,29
27425,29
27425,40
27425,44
27425,46
27426,20
27426,27
27426,29
27431,20
27431,27
27431,29
27440,20
27440,25
27440,29
27442,20
27442,25
27442,29
27449,20
27449,25
27449,29
27603,29
27603,31
27603,40
27603,44
27603,46
27605,29
27605,40
27605,44
27605,46
27626,20
27626,27
27626,29
27637,20
27637,25
27637,29
27639,29
27639,40
27639,44
27639,46
27651,29
27651,40
27651,41
27651,42
27652,29
27652,40
27652,41
27652,42
27830,20
27830,25
27830,29
40001,25
40001,34
40001,35
40001,32
40002,34
40002,35
40002,32
40002,25
40002,33
40003,34
40003,35
40003,32
40003,25
40004,34
40004,35
40004,32
40004,25
40005,34
40005,35
40005,32
40005,25
40006,34
40006,35
40006,32
40006,25
40007,34
40007,35
40007,32
40007,25
40008,34
40008,35
40008,32
40008,25
40009,34
40009,35
40009,32
40009,25
40101,34
40101,35
40101,32
40101,25
40101,33
40102,34
40102,35
40102,32
40102,25
40103,34
40103,35
40103,32
40103,25
40104,34
40104,35
40104,32
40104,25
40105,34
40105,35
40105,32
40105,25
40106,34
40106,35
40106,32
40106,25
40107,34
40107,35
40107,32
40107,25
40301,34
40301,35
40301,32
40301,25
40301,33
40302,34
40302,35
40302,32
40302,25
40302,33
40303,34
40303,35
40303,32
40303,25
40303,33
40304,34
40304,35
40304,32
40304,25
40304,33
40306,34
40306,35
40306,32
40306,25
40306,33
40307,34
40307,35
40307,32
40307,25
40307,33
40308,34
40308,35
40308,32
40308,25
40308,38
40309,34
40309,35
40309,32
40309,25
40309,38
40310,34
40310,35
40310,32
40310,25
40310,33
40310,38
40311,34
40311,35
40311,32
40311,25
40311,33
40311,38
40312,34
40312,35
40312,32
40312,25
40312,33
40312,38
40313,34
40313,35
40313,32
40313,25
40313,33
40313,38
40314,34
40314,35
40314,32
40314,25
40315,34
40315,35
40315,32
40315,25
40315,33
40316,34
40316,35
40316,32
40316,25
40316,33
40317,34
40317,35
40317,32
40317,25
40317,33
40318,34
40318,35
40318,32
40318,25
40318,33
51002,40
51002,41
51002,42
51011,40
51011,41
51011,42
51019,40
51019,42
51028,40
51028,42
51033,40
51033,42
51051,40
51051,42
51053,40
51053,42
51053,45
51053,47
51056,40
51056,41
51056,42
51058,40
51058,42
51063,40
51063,42
51063,47
51064,40
51064,42
51071,40
51071,42
51071,45
51071,47
51109,40
51109,42
51109,47
51113,40
51113,42
51115,29
51115,40
51115,42
51115,47
51125,40
51125,42
51127,40
51127,42
51127,47
51177,40
51177,42
51177,47
51181,42
51188,40
51188,42
51201,40
51201,42
51243,40
51243,42
51243,45
51243,47
51248,40
51248,41
51248,42
51250,40
51250,42
51254,40
51254,41
51254,42
51261,40
51261,42
51278,40
51278,42
51299,40
51299,42
51302,40
51302,42
51303,40
51303,41
51303,42
51306,40
51306,42
51308,40
51308,42
51314,40
51314,42
51314,47
51318,40
51318,42
51319,40
51319,42
51325,40
51325,42
51327,40
51327,42
51330,40
51330,42
51335,40
51335,42
51336,40
51336,42
51354,40
51354,42
51362,40
51362,42
51362,47
51383,40
51383,42
51383,47
51395,40
51395,42
51395,47
51403,40
51403,42
51403,47
51428,40
51428,42
51428,47
51430,40
51430,42
51434,40
51434,42
51434,47
51435,40
51435,42
51435,47
51437,40
51437,42
51437,47
51442,40
51442,42
51501,40
51501,42
51501,47
51502,40
51502,42
51502,47
51509,40
51509,42
51509,47
51510,40
51510,42
51517,40
51517,42
51517,47
51532,40
51532,42
51537,40
51537,41
51537,42
51538,40
51538,42
51540,29
51540,40
51540,42
51540,47
51550,40
51550,42
51553,20
51553,25
51553,40
51553,42
51565,40
51565,42
51566,40
51566,42
51574,40
51574,41
51574,42
51593,40
51593,42
51599,40
51599,42
51613,40
51613,42
51617,40
51617,42
51617,47
51636,40
51636,42
51642,40
51642,42
51642,47
51653,40
51653,42
51653,47
51669,40
51669,42
51669,47
51679,40
51679,42
51698,40
51698,42
51709,40
51709,42
51711,40
51711,42
51711,47
51713,40
51713,42
51713,47
51714,40
51714,42
51714,47
51739,40
51739,42
51747,40
51747,42
51747,47
51753,40
51753,42
51753,47
51754,40
51754,42
51773,40
51773,42
51789,40
51789,42
51789,47
51801,40
51801,42
51812,40
51812,42
51813,40
51813,42
51813,47
51816,40
51816,42
51830,40
51830,42
51834,20
51834,25
51841,40
51841,42
51859,40
51859,42
51859,47
51871,40
51871,42
51895,40
51895,42
51908,20
51908,25
51910,40
51910,42
51910,47
51927,40
51927,42
51935,40
51935,42
51935,47
51946,40
51946,42
51946,47
51958,40
51958,42
51960,40
51960,42
51960,47
51963,40
51963,42
51963,47
51972,40
51972,42
51986,40
51986,42
51996,40
51996,42
51996,47
52002,40
52002,42
52005,40
52005,42
52006,40
52006,42
52012,40
52012,42
52014,40
52014,42
52014,47
52023,40
52023,42
52023,47
52025,40
52025,42
52038,40
52038,42
52051,40
52051,42
52052,40
52052,42
52054,40
52054,42
52075,40
52075,42
52100,40
52100,42
52104,20
52104,25
52109,40
52109,42
52111,40
52111,42
52114,40
52114,42
52114,47
52117,40
52117,42
52129,40
52129,42
52134,40
52134,42
52141,40
52141,42
52147,40
52147,42
52151,40
52151,42
52155,40
52155,42
52164,40
52164,42
52168,20
52168,25
52169,40
52169,42
52180,40
52180,42
52195,40
52195,42
52195,47
52206,40
52206,42
52206,47
52214,40
52214,42
52216,40
52216,42
52231,40
52231,42
52240,20
52240,25
52246,40
52246,42
52246,47
52279,40
52279,42
52290,40
52290,42
52290,47
52291,40
52291,42
52296,40
52296,42
52296,47
52303,20
52303,25
52310,40
52310,42
52326,40
52326,42
52326,47
52336,40
52336,42
52342,40
52342,42
52359,40
52359,42
52367,40
52367,42
52367,47
52377,40
52377,42
52377,47
52379,40
52379,42
52392,40
52392,42
52396,40
52396,42
52396,47
52408,40
52408,42
52411,40
52411,42
52420,40
52420,42
52420,47
52423,40
52423,42
52426,20
52426,25
52442,40
52442,42
52474,40
52474,42
52484,40
52484,42
52489,40
52489,42
52489,47
52493,40
52493,42
52495,20
52495,25
52537,40
52537,42
52542,20
52542,25
52551,40
52551,42
52565,40
52565,42
52565,47
52568,40
52568,42
52574,40
52574,42
52575,40
52575,42
52580,20
52580,21
52580,25
52583,20
52583,25
52587,40
52587,42
52592,40
52592,42
52596,40
52596,42
52596,47
52610,40
52610,42
52610,47
52611,20
52611,25
52622,20
52622,25
52627,30
52627,40
52627,42
52627,47
52628,40
52628,42
52629,40
52629,42
52637,40
52637,42
52641,40
52641,42
52641,45
52641,47
52642,40
52642,42
52654,40
52654,42
52670,40
52670,42
52681,40
52681,42
52685,40
52685,42
52685,47
52692,40
52692,42
52694,40
52694,42
52694,47
52695,40
52695,42
52695,47
52706,40
52706,42
52706,47
52707,40
52707,42
52712,40
52712,42
52712,47
52723,20
52723,42
52747,40
52747,42
52747,47
52749,40
52749,42
52753,40
52753,42
52762,40
52762,42
52779,40
52779,42
52787,20
52787,25
52796,40
52796,42
52798,40
52798,42
52798,47
52848,40
52848,42
52848,47
52857,40
52857,42
52862,40
52862,42
52862,47
52866,40
52866,42
52897,40
52897,42
52929,38
52929,40
52929,41
52929,42
52935,20
52935,25
52936,40
52936,42
52941,40
52941,42
52941,47
52965,40
52965,42
52967,40
52967,42
52980,40
52980,42
52980,47
53025,40
53025,42
53025,47
53026,40
53026,42
53027,40
53027,42
53029,40
53029,42
53036,40
53036,42
53036,47
53043,40
53043,42
53051,40
53051,42
53057,40
53057,42
53079,40
53079,42
53079,47
53105,40
53105,42
53105,47
53106,40
53106,42
53113,40
53113,42
53113,47
53115,40
53115,42
53116,40
53116,42
53116,47
53117,40
53117,42
53117,47
53118,40
53118,42
53119,40
53119,42
53121,40
53121,42
53121,47
53122,40
53122,42
53709,40
53709,42
53709,47
53725,40
53725,42
53746,40
53746,42
53746,45
53746,47
53764,40
53764,42
53782,40
53782,42
53841,40
53841,42
53847,40
53847,42
53866,40
53866,42
53870,40
53870,42
53870,47
53874,40
53874,42
53874,47
53890,40
53890,42
53890,47
53903,40
53903,42
53903,47
53907,42
53907,44
53913,37
53913,40
53913,41
53913,42
53922,40
53922,42
53930,40
53930,42
53932,40
53932,42
53932,47
53933,40
53933,42
53933,47
53944,40
53944,42
53954,40
53954,42
53954,47
53956,40
53956,42
53956,47
53957,40
53957,42
53957,47
53967,20
53967,21
53967,25
53971,20
53971,25
53974,40
53974,42
53974,47
53975,40
53975,42
53977,40
53977,42
53985,40
53985,42
53985,47
53986,20
53986,25
53987,40
53987,42
53997,40
53997,42
53997,47
54010,40
54010,42
54026,20
54026,25
54028,20
54028,25
54030,40
54030,42
54030,47
54033,20
54033,42
54034,40
54034,42
54035,20
54035,25
54040,40
54040,42
54047,40
54047,42
54047,47
54048,29
54048,40
54048,42
54066,40
54066,42
54076,40
54076,42
54078,40
54078,42
54078,47
54079,40
54079,42
54080,40
54080,42
54080,47
54081,29
54081,40
54081,42
54081,47
54083,40
54083,42
54085,40
54085,42
54087,40
54087,42
54088,20
54088,25
54089,40
54089,42
54089,47
54094,40
54094,42
54103,40
54103,42
54103,47
54115,40
54115,42
54115,47
54123,40
54123,42
54123,47
54138,40
54138,42
54138,47
54140,20
54140,25
54151,40
54151,42
54156,40
54156,42
54192,40
54192,42
54194,40
54194,42
54208,40
54208,42
54223,40
54223,42
54223,45
54223,47
54243,40
54243,42
54247,40
54247,42
54247,47
54260,40
54260,42
54260,47
54296,40
54296,42
54296,47
54299,40
54300,20
54300,25
54306,40
54306,42
54309,40
54309,42
54309,47
54310,40
54310,42
54310,47
54326,40
54326,42
54326,47
54327,20
54327,25
54328,40
54328,42
54328,47
54331,40
54331,42
54331,47
54332,40
54332,42
54332,47
54333,40
54333,42
54333,47
54334,40
54334,42
54334,47
54337,20
54337,25
54348,40
54348,42
54348,47
54355,40
54355,42
54355,47
54399,20
54399,25
54407,40
54407,42
54409,40
54409,42
54409,47
54410,40
54410,42
54410,47
54428,29
54428,40
54428,42
54435,40
54435,42
54453,29
54453,40
54453,42
54453,47
54469,40
54469,42
54474,40
54474,42
54474,47
54475,40
54475,42
54475,47
54479,40
54479,42
54479,47
54491,40
54491,42
54491,47
54569,42
54622,40
54622,42
54670,42
54670,19
54697,20
54697,25
54700,40
54700,42
54713,40
54713,42
54716,40
54716,42
54717,40
54717,42
54717,47
54734,40
54734,42
54734,47
54735,40
54735,42
54736,29
54736,40
54736,42
54738,40
54738,42
54738,47
54739,40
54739,42
54742,40
54742,42
54743,40
54743,42
55279,40
55279,42
55289,42
55297,42
55298,42
55300,42
55321,40
55321,42
55321,47
55322,40
55322,42
55327,42
55329,40
55329,42
55330,40
55330,42
55330,47
55336,42
55338,40
55338,42
55342,40
55342,42
55342,47
55344,30
55344,40
55344,42
55344,44
55344,47
55345,40
55345,42
55346,42
55348,40
55348,42
55348,45
55348,47
55349,20
55349,25
55352,20
55352,21
55352,25
55353,40
55353,42
55354,20
55354,25
55355,42
55356,20
55356,25
55358,20
55358,21
55358,25
55360,20
55360,25
55361,20
55361,25
55362,20
55362,25
55364,40
55364,42
55364,47
55365,20
55365,25
55367,42
55368,40
55368,42
55369,20
55369,25
55371,20
55371,25
55372,42
55373,20
55373,25
55374,40
55374,42
55374,47
55375,42
55376,20
55376,25
55377,20
55377,25
55378,42
55379,40
55379,42
55379,47
55381,40
55381,42
55381,47
55382,20
55382,25
55385,40
55385,42
55387,20
55387,25
55391,20
55391,25
55392,40
55392,42
55392,47
55393,42
55394,20
55394,25
55395,20
55395,25
55397,20
55397,25
55398,20
55398,25
55399,42
55400,20
55400,25
55401,20
55401,25
55402,40
55402,42
55402,47
55403,20
55403,25
55404,20
55404,25
55406,20
55406,25
55407,40
55407,42
55408,20
55408,25
55409,20
55409,25
55412,42
55414,20
55414,25
55416,20
55416,25
55417,20
55417,25
55418,20
55418,25
55419,29
55419,40
55419,42
55419,47
55420,20
55420,25
55421,20
55421,25
55422,20
55422,25
55425,40
55425,42
55428,20
55428,25
55429,24
55430,20
55430,25
55432,40
55432,42
55433,20
55433,21
55433,25
55434,40
55434,42
55435,20
55435,25
55436,40
55436,42
55437,20
55437,25
55438,38
55438,20
55438,25
55441,40
55441,42
55441,47
55443,42
55448,20
55448,21
55448,25
55449,20
55449,25
55450,42
55453,20
55453,25
55454,40
55454,42
55456,20
55456,25
55458,20
55458,25
55459,42
55460,20
55460,25
55462,20
55462,21
55462,25
55463,20
55463,25
55464,20
55464,25
55466,20
55466,21
55466,25
55467,20
55467,25
55468,20
55468,25
55473,42
55474,40
55474,42
55475,40
55475,42
55475,47
55476,30
55476,37
55476,40
55476,42
55476,44
55477,20
55477,25
55478,20
55478,25
55479,42
55479,44
55481,20
55481,25
55482,42
55484,40
55484,42
55485,40
55485,42
55486,20
55486,25
55487,20
55487,25
55490,20
55490,25
55491,20
55491,25
55492,20
55492,25
55494,20
55494,25
55496,20
55496,25
55498,42
55499,20
55499,25
55500,40
55500,42
55501,20
55501,25
55502,20
55502,25
55503,20
55503,25
55504,20
55504,25
55505,20
55505,25
55507,20
55507,25
55508,20
55508,25
55510,20
55510,25
55511,20
55511,25
55512,20
55512,25
55513,20
55513,25
55515,20
55515,25
55516,20
55516,21
55516,25
55517,20
55517,25
55518,20
55518,25
55519,42
55520,20
55520,25
55521,20
55521,25
55522,20
55522,25
55523,20
55523,25
55525,42
55526,20
55526,25
55527,42
55528,40
55528,42
55528,47
55529,40
55529,42
55529,47
55530,20
55530,25
55531,20
55531,25
55532,42
55533,20
55533,25
55534,20
55534,25
55535,40
55535,42
55536,20
55536,21
55536,25
55537,20
55537,25
55539,40
55539,42
55539,47
55540,42
55544,20
55544,25
55545,20
55545,25
55546,20
55546,25
55548,20
55548,25
55549,40
55549,42
55551,20
55551,25
55552,20
55552,21
55552,25
55553,42
55554,42
55555,40
55555,42
55556,42
55557,42
55558,42
55559,42
55560,40
55560,42
55560,47
55564,40
55564,42
55564,45
55564,47
55566,20
55566,25
55568,20
55568,25
55571,40
55571,42
55571,47
56003,42
56005,42
56009,40
56009,41
56009,42
56014,42
56015,40
56015,42
56023,20
56023,25
56029,42
56032,40
56032,42
56033,42
56034,42
56035,40
56035,42
56040,42
56045,42
56053,42
56054,30
56054,42
56063,42
56063,44
56066,42
56067,42
56074,42
56083,42
56207,42
56209,40
56209,42
57001,40
57001,42
57002,20
57002,25
57006,40
57006,42
57007,40
57007,42
57008,40
57008,42
57009,40
57009,42
57010,40
57010,42
57012,40
57012,42
57014,40
57014,42
57015,40
57015,42
57016,40
57016,42
57017,40
57017,42
57018,40
57018,42
57021,40
57021,42
57022,40
57022,42
57023,40
57023,42
57024,40
57024,42
57026,40
57026,42
57027,40
57027,42
57029,40
57029,42
57030,40
57030,42
57031,40
57031,42
57032,40
57032,42
57033,40
57033,42
57034,40
57034,42
57035,40
57035,42
57036,40
57036,42
57037,40
57037,42
57038,40
57038,42
57039,40
57039,42
57040,40
57040,42
57041,40
57041,42
57042,40
57042,42
57043,40
57043,42
57044,40
57044,42
57045,40
57045,42
57047,40
57047,42
57048,40
57048,42
57049,40
57049,42
57050,40
57050,42
57051,40
57051,42
57052,40
57052,42
57053,40
57053,42
57054,40
57054,42
57055,40
57055,42
57056,40
57056,42
57057,40
57057,42
57058,40
57058,42
57059,40
57059,42
57060,40
57060,42
57062,40
57062,42
57063,40
57063,42
57064,40
57064,42
57065,40
57065,42
57066,40
57066,42
57067,40
57067,42
57068,40
57068,42
57069,40
57069,42
57070,40
57070,42
57071,40
57071,42
57072,40
57072,42
57074,40
57074,42
57075,40
57075,42
57076,40
57076,42
57077,40
57077,42
61001,40
61001,42
61001,45
61001,46
61001,47
61002,40
61002,42
61002,45
61002,46
61003,40
61003,42
61003,45
61003,46
61004,40
61004,42
61004,45
61004,46
61004,47
61005,40
61005,42
61005,45
61005,46
61006,40
61006,42
61006,45
61006,46
61006,47
61007,40
61007,42
61007,45
61007,46
61007,47
61008,40
61008,42
61008,45
61008,46
61008,47
61009,40
61009,42
61009,45
61009,46
61009,47
61010,40
61010,42
61010,45
61010,46
61011,40
61011,42
61011,45
61011,46
61011,47
61012,40
61012,42
61012,45
61012,46
61012,47
61013,40
61013,42
61013,45
61013,46
61014,40
61014,42
61015,40
61015,42
61015,45
61015,46
61015,47
61016,40
61016,42
61016,45
61016,46
61016,47
61021,40
61021,42
61021,45
61021,46
61021,47
61022,40
61022,42
61022,45
61022,46
61022,47
61023,40
61023,42
61023,45
61023,46
61024,40
61024,42
61024,45
61024,46
61024,47
61025,40
61025,42
61025,45
61025,46
61025,47
61026,40
61026,42
61026,45
61026,46
61026,47
61027,40
61027,42
61027,45
61027,46
61029,40
61029,42
61029,45
61029,46
61029,47
61030,40
61030,42
61030,45
61030,46
61031,40
61031,42
61031,45
61031,46
61031,47
61032,40
61032,42
61032,45
61032,46
61032,47
61033,40
61033,42
61033,45
61033,46
61033,47
61034,40
61034,42
61034,45
61034,46
61034,47
61035,40
61035,42
61035,45
61035,46
61035,47
61036,40
61036,42
61036,45
61036,46
61036,47
61037,40
61037,42
61037,45
61037,46
61037,47
61039,40
61039,42
61039,45
61039,46
61040,40
61040,42
61040,45
61040,46
61041,40
61041,42
61041,45
61041,46
61042,40
61042,42
61042,45
61042,46
61043,40
61043,42
61044,40
61044,42
61044,45
61044,46
61044,47
61045,40
61045,42
61045,45
61045,46
61046,40
61046,42
61046,45
61046,46
61046,47
61047,40
61047,42
61047,45
61047,46
61048,40
61048,42
61048,45
61048,46
61049,40
61049,42
61049,45
61049,46
61050,40
61050,42
61050,45
61050,46
61050,47
61051,40
61051,42
61051,45
61051,46
61052,40
61052,42
61052,45
61052,46
61053,40
61053,42
61053,45
61053,46
61054,40
61054,42
61054,45
61054,46
61054,47
61090,40
61090,41
61090,42
61091,40
61091,41
61091,42
61093,40
61093,41
61093,42
61096,40
61096,41
61096,42
61097,40
61097,41
61097,42
63001,38
63001,47
63001,42
63001,40
63001,46
63002,38
63002,47
63002,42
63002,40
63002,46
63003,38
63003,47
63003,42
63003,40
63003,46
63004,47
63004,42
63004,40
63004,46
63005,47
63005,42
63005,40
63005,46
63006,38
63006,47
63006,42
63006,40
63006,46
63007,38
63007,47
63007,42
63007,40
63007,46
63009,47
63009,42
63009,40
63009,46
63010,47
63010,42
63010,40
63010,46
63011,38
63011,47
63011,42
63011,40
63011,46
63012,38
63012,47
63012,42
63012,40
63012,46
63014,38
63014,47
63014,42
63014,40
63014,46
63016,47
63016,42
63016,40
63016,46
63017,47
63017,42
63017,40
63017,46
63018,47
63018,42
63018,40
63018,46
63019,38
63019,47
63019,42
63019,40
63019,46
63020,47
63020,42
63020,40
63020,46
63023,47
63023,42
63023,40
63023,46
63025,47
63025,42
63025,40
63025,46
63027,18
63027,47
63027,42
63027,40
63027,46
63028,47
63028,42
63028,40
63028,46
63029,38
63029,47
63029,42
63029,40
63029,46
63031,38
63031,47
63031,42
63031,40
63031,46
63032,47
63032,42
63032,40
63032,46
63034,38
63034,47
63034,42
63034,40
63034,46
63038,38
63038,47
63038,42
63038,40
63038,46
63039,47
63039,42
63039,40
63039,46
63040,47
63040,42
63040,40
63040,46
63041,47
63041,42
63041,40
63041,46
63042,18
63042,38
63042,47
63042,42
63042,40
63042,46
63043,38
63043,47
63043,42
63043,40
63043,46
63045,47
63045,42
63045,40
63045,46
63046,47
63046,42
63046,40
63046,46
63047,38
63047,47
63047,42
63047,40
63047,46
63048,18
63048,38
63048,47
63048,42
63048,40
63048,46
63049,38
63049,47
63049,42
63049,40
63049,46
63050,47
63050,42
63050,40
63050,46
63051,47
63051,42
63051,40
63051,46
63052,38
63052,47
63052,42
63052,40
63052,46
63053,38
63053,47
63053,42
63053,40
63053,46
63054,47
63054,42
63054,40
63054,46
63056,38
63056,47
63056,42
63056,40
63056,46
63058,18
63058,38
63058,47
63058,42
63058,40
63058,46
63059,18
63059,47
63059,42
63059,40
63059,46
63061,18
63061,47
63061,42
63061,40
63061,46
63070,47
63070,42
63070,40
63070,46
63071,47
63071,42
63071,40
63071,46
63073,18
63073,47
63073,42
63073,40
63073,46
63074,47
63074,42
63074,40
63074,46
63075,47
63075,42
63075,40
63075,46
63076,38
63076,47
63076,42
63076,40
63076,46
63077,38
63077,47
63077,42
63077,40
63077,46
63078,47
63078,42
63078,40
63078,46
63079,47
63079,42
63079,40
63079,46
63080,47
63080,42
63080,40
63080,46
63081,47
63081,42
63081,40
63081,46
63082,47
63082,42
63082,40
63082,46
63084,47
63084,42
63084,40
63084,46
63085,18
63085,47
63085,42
63085,40
63085,46
63090,42
63090,40
63090,41
63091,42
63091,40
63091,41
63092,42
63092,40
63092,41
63093,42
63093,40
63093,41
63094,42
63094,40
63094,41
63095,42
63095,40
63095,41
63201,18
63201,38
63201,47
63201,42
63201,40
63201,46
63202,18
63202,38
63202,47
63202,42
63202,40
63202,46
63204,38
63204,47
63204,42
63204,40
63204,46
63205,38
63205,47
63205,42
63205,40
63205,46
63206,38
63206,47
63206,42
63206,40
63206,46
63208,18
63208,38
63208,47
63208,42
63208,40
63208,46
63209,18
63209,38
63209,47
63209,42
63209,40
63209,46
63211,38
63211,47
63211,42
63211,40
63211,46
63212,38
63212,47
63212,42
63212,40
63212,46
63213,38
63213,47
63213,42
63213,40
63213,46
63214,38
63214,47
63214,42
63214,40
63214,46
63215,38
63215,47
63215,42
63215,40
63215,46
65001,38
65001,40
65001,42
65001,45
65001,46
65001,47
65002,38
65002,40
65002,42
65002,45
65002,46
65002,47
65003,38
65003,40
65003,42
65003,45
65003,46
65003,47
65004,40
65004,42
65004,45
65004,46
65004,47
65005,40
65005,42
65005,45
65005,46
65005,47
65006,38
65006,40
65006,42
65006,45
65006,46
65006,47
65007,40
65007,42
65007,45
65007,46
65007,47
65008,38
65008,40
65008,42
65008,45
65008,46
65008,47
65009,38
65009,40
65009,42
65009,46
65009,47
65010,38
65010,40
65010,42
65010,46
65010,47
65011,38
65011,40
65011,42
65011,45
65011,46
65011,47
65013,38
65013,18
65013,40
65013,42
65013,45
65013,47
65017,40
65017,42
65017,45
65017,46
65017,47
65018,40
65018,42
65018,45
65018,46
65018,47
65019,38
65019,40
65019,42
65019,45
65019,46
65019,47
65021,38
65021,40
65021,42
65021,45
65021,47
65022,38
65022,40
65022,42
65022,45
65022,47
65023,38
65023,18
65023,40
65023,42
65023,47
65024,38
65024,40
65024,42
65024,46
65024,47
65025,38
65025,40
65025,42
65025,45
65025,46
65025,47
65026,38
65026,40
65026,42
65026,45
65026,47
65027,38
65027,40
65027,42
65027,45
65027,46
65027,47
65028,40
65028,42
65029,40
65029,42
65029,45
65029,47
65030,38
65030,18
65030,40
65030,42
65030,45
65030,47
65031,40
65031,42
65031,45
65031,46
65031,47
65031,38
65032,38
65032,40
65032,42
65032,45
65032,46
65032,47
65033,38
65033,40
65033,42
65033,45
65033,47
65034,38
65034,40
65034,42
65034,45
65034,46
65034,47
65035,40
65035,42
65036,40
65036,42
65036,47
65037,40
65037,42
65037,47
65038,40
65038,42
65038,45
65038,47
65039,38
65039,40
65039,42
65039,45
65039,47
65040,38
65040,18
65040,40
65040,42
65040,45
65040,47
65041,38
65041,18
65041,40
65041,42
65041,47
65047,38
65047,40
65047,42
65047,47
65048,38
65048,18
65048,40
65048,42
65048,45
65048,47
65051,38
65051,40
65051,42
65051,45
65051,46
65051,47
65055,38
65055,40
65055,42
65055,47
65059,38
65059,40
65059,42
65059,46
65059,47
65060,38
65060,40
65060,42
65060,45
65060,46
65060,47
65061,40
65061,42
65065,40
65065,42
65065,45
65065,46
65065,47
65068,38
65068,40
65068,42
65068,45
65068,46
65068,47
65069,40
65069,42
65069,45
65069,46
65069,47
65073,40
65073,42
65073,45
65073,46
65073,47
65075,38
65075,42
65075,40
65075,46
65077,38
65077,40
65077,42
65077,45
65077,47
65078,38
65078,18
65078,40
65078,42
65078,47
65079,38
65079,18
65079,40
65079,42
65079,47
65080,38
65080,40
65080,42
65080,45
65080,46
65080,47
65081,38
65081,40
65081,42
65081,46
65081,47
65083,38
65083,40
65083,42
65083,45
65083,47
65090,40
65090,42
65091,40
65091,42
65092,40
65092,42
65093,40
65093,42
65094,40
65094,42
65095,40
65095,42
65201,38
65201,40
65201,42
65201,45
65201,47
65202,38
65202,40
65202,42
65202,45
65202,47
65203,38
65203,40
65203,42
65203,45
65203,46
65203,47
65204,40
65204,42
65205,38
65205,40
65205,42
65205,45
65205,46
65205,47
65206,40
65206,42
65206,45
65206,47
65211,38
65211,40
65211,42
65211,45
65211,46
65211,47
65212,40
65212,42
65212,45
65212,47
65213,38
65213,40
65213,42
65213,45
65213,47
65214,38
65214,40
65214,42
65214,45
65214,47
65215,38
65215,40
65215,42
65215,45
65215,46
65215,47
65219,40
65219,42
65227,38
65227,40
65227,42
65227,45
65227,46
65227,47
65228,40
65228,42
65228,45
65228,47
65229,40
65229,42
65229,45
65229,47
65233,40
65233,42
65401,38
65401,40
65401,42
65401,47
65689,40
65689,42
70201,40
70201,42
70201,46
70201,47
70201,48
70210,40
70210,42
70210,46
70210,47
70210,48
70211,40
70211,42
70211,46
70211,47
70211,48
70212,40
70212,42
70212,46
70212,47
70212,48
70213,40
70213,42
70213,46
70213,47
70213,48
70214,40
70214,42
70214,46
70214,47
70214,48
70215,40
70215,42
70215,46
70215,47
70215,48
70218,40
70218,42
70218,46
70218,47
70218,48
70220,40
70220,42
70220,46
70220,47
70220,48
70224,40
70224,42
70224,46
70224,47
70224,48
70234,40
70234,42
70234,46
70234,47
70234,48
70236,40
70236,42
70236,46
70236,47
70236,48
70239,40
70239,42
70239,46
70239,47
70239,48
70245,40
70245,42
70245,46
70245,47
70245,48
70247,40
70247,42
70247,46
70247,47
70247,48
70261,40
70261,42
70261,46
70261,47
70261,48
70263,40
70263,42
70263,46
70263,47
70263,48
70264,40
70264,42
70264,46
70264,47
70264,48
70265,40
70265,42
70265,46
70265,47
70265,48
70270,40
70270,42
70270,46
70270,47
70270,48
70271,40
70271,42
70271,46
70271,47
70271,48
70272,40
70272,42
70272,46
70272,47
70272,48
70278,40
70278,42
70278,46
70278,47
70278,48
70280,40
70280,42
70280,46
70280,47
70280,48
70282,40
70282,42
70282,46
70282,47
70282,48
70283,40
70283,42
70283,46
70283,47
70283,48
70284,40
70284,42
70284,46
70284,47
70284,48
70286,40
70286,42
70286,46
70286,47
70286,48
70287,40
70287,42
70287,46
70287,47
70287,48
70288,40
70288,42
70288,46
70288,47
70288,48
70291,40
70291,42
70291,46
70291,47
70291,48
70297,40
70297,42
70297,46
70297,47
70297,48
70298,40
70298,42
70298,46
70298,47
70298,48
70305,40
70305,42
70305,46
70305,47
70305,48
70307,40
70307,42
70307,46
70307,47
70307,48
70308,40
70308,42
70308,46
70308,47
70308,48
70309,40
70309,42
70309,46
70309,47
70309,48
70311,40
70311,42
70311,46
70311,47
70311,48
70312,40
70312,42
70312,46
70312,47
70312,48
70313,40
70313,42
70313,46
70313,47
70313,48
70320,40
70320,42
70320,46
70320,47
70320,48
70326,40
70326,42
70326,46
70326,47
70326,48
70327,40
70327,42
70327,46
70327,47
70327,48
70330,40
70330,42
70330,46
70330,47
70330,48
70331,40
70331,42
70331,46
70331,47
70331,48
70336,40
70336,42
70336,46
70336,47
70336,48
70344,40
70344,42
70344,46
70344,47
70344,48
70346,40
70346,42
70346,46
70346,47
70346,48
70347,40
70347,42
70347,46
70347,47
70347,48
70348,40
70348,42
70348,46
70348,47
70348,48
70350,40
70350,42
70350,46
70350,47
70350,48
70355,40
70355,42
70355,46
70355,47
70355,48
70356,40
70356,42
70356,46
70356,47
70356,48
70358,40
70358,42
70358,47
70358,48
70360,40
70360,42
70360,46
70360,47
70360,48
70365,40
70365,42
70365,46
70365,47
70365,48
70374,40
70374,42
70374,46
70374,47
70374,48
70377,40
70377,42
70377,46
70377,47
70378,40
70378,42
70378,46
70378,47
70378,48
70381,40
70381,42
70381,46
70381,47
70381,48
70382,40
70382,42
70382,46
70382,47
70382,48
70384,40
70384,42
70384,46
70384,47
70384,48
70386,40
70386,42
70386,46
70386,47
70386,48
70390,40
70390,42
70390,46
70390,47
70390,48
70393,40
70393,42
70393,46
70393,47
70393,48
70396,40
70396,42
70396,46
70396,47
70396,48
70414,40
70414,42
70414,46
70414,47
70414,48
70420,40
70420,42
70420,46
70420,47
70420,48
70422,40
70422,42
70422,46
70422,47
70422,48
70424,40
70424,42
70424,46
70424,47
70424,48
70432,40
70432,42
70432,46
70432,47
70432,48
70433,40
70433,42
70433,46
70433,47
70433,48
70437,40
70437,42
70437,46
70437,47
70437,48
70438,40
70438,42
70438,46
70438,47
70438,48
70439,40
70439,42
70439,46
70439,47
70439,48
70440,40
70440,42
70440,46
70440,47
70440,48
70447,40
70447,42
70447,46
70447,47
70447,48
70448,40
70448,42
70448,46
70448,47
70448,48
70451,40
70451,41
70451,42
70452,40
70452,42
70452,46
70452,47
70452,48
70456,40
70456,41
70456,42
70457,40
70457,42
70457,46
70457,47
70457,48
70458,40
70458,41
70458,42
70458,48
70461,40
70461,42
70461,46
70461,47
70461,48
70463,40
70463,42
70463,46
70463,47
70463,48
70471,40
70471,42
70471,46
70471,47
70471,48
70473,40
70473,42
70473,46
70473,47
70473,48
70478,40
70478,42
70478,46
70478,47
70478,48
70479,40
70479,42
70479,46
70479,47
70479,48
70480,40
70480,42
70480,46
70480,47
70480,48
70482,40
70482,42
70482,46
70482,47
70482,48
70484,40
70484,42
70484,46
70484,47
70484,48
70497,40
70497,42
70497,46
70497,47
70497,48
70498,40
70498,42
70498,46
70498,47
70498,48
70500,40
70500,42
70500,46
70500,47
70500,48
70502,40
70502,42
70502,46
70502,47
70502,48
70509,40
70509,42
70509,46
70509,47
70509,48
70513,40
70513,42
70513,46
70513,47
70513,48
70516,40
70516,42
70516,46
70516,47
70516,48
70517,40
70517,42
70517,46
70517,47
70517,48
70518,40
70518,42
70518,46
70518,47
70518,48
70519,40
70519,42
70519,46
70519,47
70519,48
70522,40
70522,42
70522,46
70522,47
70522,48
70533,40
70533,42
70533,46
70533,47
70533,48
70535,40
70535,42
70535,46
70535,47
70535,48
70538,40
70538,42
70538,46
70538,47
70538,48
70539,40
70539,42
70539,46
70539,47
70539,48
70540,40
70540,41
70540,42
70540,48
70542,40
70542,42
70542,46
70542,47
70545,40
70545,42
70545,46
70545,47
70545,48
70548,40
70548,42
70548,46
70548,47
70548,48
70551,40
70551,42
70551,46
70551,47
70551,48
70552,40
70552,41
70552,42
70556,40
70556,42
70556,46
70556,47
70556,48
70557,40
70557,42
70557,46
70557,47
70557,48
70558,40
70558,42
70558,46
70558,47
70558,48
70561,40
70561,42
70561,46
70561,47
70561,48
70564,40
70564,42
70564,46
70564,47
70564,48
70568,40
70568,42
70568,46
70568,47
70568,48
70570,40
70570,42
70570,46
70570,47
70570,48
70573,40
70573,42
70573,46
70573,47
70573,48
70574,40
70574,42
70574,46
70574,47
70574,48
70578,40
70578,42
70578,46
70578,47
70578,48
70580,40
70580,42
70580,46
70580,47
70580,48
70581,40
70581,42
70581,46
70581,47
70581,48
70582,40
70582,42
70582,46
70582,47
70582,48
70590,40
70590,42
70590,46
70590,47
70590,48
70593,40
70593,42
70593,46
70593,47
70593,48
70594,40
70594,42
70594,46
70594,47
70594,48
70597,40
70597,42
70597,46
70597,47
70597,48
70611,40
70611,42
70611,46
70611,47
70611,48
70615,40
70615,42
70615,46
70615,47
70615,48
70616,40
70616,42
70616,46
70616,47
70616,48
70635,40
70635,42
70635,46
70635,47
70635,48
70641,40
70641,42
70641,46
70641,47
70641,48
70643,40
70643,42
70643,46
70643,47
70643,48
70644,40
70644,42
70644,46
70644,47
70644,48
70651,40
70651,42
70651,46
70651,47
70651,48
70652,40
70652,42
70652,46
70652,47
70663,40
70663,42
70663,46
70663,47
70663,48
70664,40
70664,41
70664,42
70664,48
70665,40
70665,42
70665,46
70665,47
70665,48
70666,40
70666,42
70666,46
70666,47
70666,48
70668,40
70668,42
70668,46
70668,47
70668,48
70676,40
70676,42
70676,46
70676,47
70676,48
70680,40
70680,42
70680,46
70680,47
70680,48
70691,40
70691,42
70691,46
70691,47
70691,48
70693,40
70693,42
70693,46
70693,47
70693,48
70697,40
70697,42
70697,46
70697,47
70697,48
70700,40
70700,42
70700,46
70700,47
70700,48
70705,40
70705,42
70705,46
70705,47
70705,48
70706,40
70706,42
70706,46
70706,47
70706,48
70713,40
70713,42
70713,46
70713,47
70713,48
70720,40
70720,42
70720,46
70720,47
70720,48
70732,40
70732,42
70733,40
70733,42
70733,47
70733,48
70734,40
70734,42
70734,46
70734,47
70734,48
70736,40
70736,42
70736,47
70736,48
70738,40
70738,42
70738,46
70738,47
70738,48
70741,40
70741,42
70741,47
70744,40
70744,42
70744,46
70744,47
70744,48
70745,40
70745,42
70745,46
70745,47
70745,48
70746,40
70746,42
70746,46
70746,47
70746,48
70749,40
70749,42
70749,46
70749,47
70749,48
70752,40
70752,42
70752,46
70752,47
70752,48
70753,40
70753,42
70753,46
70753,47
70753,48
70754,40
70754,42
70754,46
70754,47
70754,48
70756,40
70756,42
70756,46
70756,47
70756,48
70758,40
70758,42
70758,46
70758,47
70758,48
70759,40
70759,42
70759,46
70759,47
70759,48
70771,40
70771,41
70771,42
70771,48
70774,40
70774,42
70774,46
70774,47
70774,48
70777,40
70777,42
70777,46
70777,47
70777,48
70807,40
70807,41
70807,42
70807,48
70822,40
70822,41
70822,42
70822,48
70833,40
70833,42
70833,46
70833,47
70833,48
70843,40
70843,41
70843,42
70843,48
70856,40
70856,42
70856,46
70856,47
70856,48
70857,40
70857,42
70857,46
70857,47
70857,48
70860,40
70860,42
70860,46
70860,47
70860,48
70863,40
70863,42
70863,46
70863,47
70863,48
70864,40
70864,42
70864,46
70864,47
70864,48
70865,40
70865,42
70865,46
70865,47
70865,48
70883,40
70883,41
70883,42
70883,48
70912,40
70912,41
70912,42
70920,40
70920,42
70920,46
70920,47
70920,48
70924,40
70924,41
70924,42
70924,48
70926,40
70926,41
70926,42
70926,48
70928,40
70928,41
70928,42
70929,40
70929,41
70929,42
70929,48
70930,40
70930,42
70931,40
70931,42
70931,46
70931,47
70931,48
70933,40
70933,41
70933,42
70933,48
70934,40
70934,42
70937,40
70937,42
70937,46
70937,47
70937,48
70946,40
70946,41
70946,42
70952,40
70952,41
70952,42
70952,48
70953,40
70953,41
70953,42
70953,48
70954,40
70954,41
70954,42
70954,48
70955,40
70955,41
70955,42
70955,48
70957,40
70957,41
70957,42
70957,48
70960,40
70960,41
70960,42
70960,48
70965,40
70965,41
70965,42
70965,48
70971,40
70971,41
70971,42
70984,40
70984,41
70984,42
70984,48
70988,40
70988,41
70988,42
70988,48
70992,40
70992,41
70992,42
70992,48
70993,40
70993,41
70993,42
70993,48
70994,40
70994,42
70994,46
70994,48
70998,40
70998,41
70998,42
70998,48
70999,40
70999,42
70999,46
70999,47
70999,48
71008,40
71008,42
71008,46
71008,47
71008,48
71009,40
71009,41
71009,42
71009,48
71010,40
71010,41
71010,42
71010,48
71011,40
71011,41
71011,42
71011,48
71016,40
71016,42
71016,46
71016,47
71016,48
71019,40
71019,41
71019,42
71019,48
71021,40
71021,41
71021,42
71021,48
71025,40
71025,42
71025,46
71025,47
71025,48
71026,40
71026,41
71026,42
71026,48
71032,40
71032,41
71032,42
71032,48
71033,40
71033,41
71033,42
71033,48
71036,40
71036,42
71036,46
71036,47
71036,48
71037,40
71037,41
71037,42
71037,48
71039,40
71039,41
71039,42
71040,40
71040,41
71040,42
71040,48
71041,40
71041,41
71041,42
71041,48
71042,40
71042,41
71042,42
71042,48
71044,40
71044,41
71044,42
71044,48
71045,40
71045,41
71045,42
71045,48
71046,40
71046,41
71046,42
71046,48
71047,40
71047,41
71047,42
71047,48
71049,40
71049,41
71049,42
71049,48
71051,40
71051,41
71051,42
71051,48
71052,40
71052,41
71052,42
71052,48
71054,40
71054,41
71054,42
71054,48
71056,40
71056,42
71056,46
71056,47
71056,48
71057,40
71057,41
71057,42
71057,48
71061,40
71061,41
71061,42
71061,48
71062,40
71062,41
71062,42
71062,48
71064,40
71064,42
71064,46
71064,47
71064,48
71067,40
71067,41
71067,42
71067,48
71073,40
71073,42
71073,46
71073,47
71073,48
71075,40
71075,41
71075,42
71075,48
71076,40
71076,41
71076,42
71076,48
71078,40
71078,41
71078,42
71078,48
71084,40
71084,42
71084,46
71084,47
71084,48
71085,40
71085,41
71085,42
71085,48
71086,40
71086,41
71086,42
71086,48
71088,40
71088,41
71088,42
71088,48
71093,40
71093,41
71093,42
71093,48
71094,40
71094,42
71094,46
71094,47
71094,48
71114,40
71114,41
71114,42
71116,40
71116,42
71116,46
71116,47
71116,48
71117,25
71117,40
71117,41
71117,42
71117,46
71118,25
71118,40
71118,41
71118,42
71118,46
71119,25
71119,40
71119,41
71119,42
71119,46
71120,25
71120,40
71120,41
71120,42
71120,46
71121,25
71121,40
71121,41
71121,42
71121,46
71122,25
71122,40
71122,41
71122,42
71122,46
71123,25
71123,40
71123,41
71123,42
71123,46
71124,25
71124,40
71124,41
71124,42
71124,46
71125,25
71125,40
71125,41
71125,42
71125,46
71126,25
71126,40
71126,41
71126,42
71126,46
71127,25
71127,40
71127,41
71127,42
71127,46
71128,25
71128,40
71128,41
71128,42
71128,46
71129,25
71129,40
71129,41
71129,42
71129,46
71130,25
71130,40
71130,41
71130,42
71130,46
71131,25
71131,40
71131,41
71131,42
71131,46
71136,25
71136,40
71136,41
71136,42
71136,46
71137,25
71137,40
71137,41
71137,42
71137,46
71139,25
71139,40
71139,41
71139,42
71139,46
71153,40
71153,42
71153,46
71153,47
71153,48
71169,25
71169,40
71169,41
71169,42
71169,46
71171,40
71171,42
71171,46
71171,47
71171,48
71182,40
71182,42
71182,46
71182,47
71182,48
75004,40
75004,42
75004,46
75004,47
75004,48
75006,40
75006,42
75006,46
75006,47
75006,48
75011,40
75011,42
75011,46
75011,47
75011,48
75020,40
75020,42
75020,46
75020,47
75020,48
75032,40
75032,42
75032,46
75032,47
75032,48
75033,40
75033,42
75033,46
75033,47
75039,40
75039,42
75039,46
75039,47
75039,48
75048,40
75048,42
75048,46
75048,47
75048,48
75051,40
75051,42
75051,47
75051,48
75052,40
75052,42
75052,46
75052,47
75052,48
75067,40
75067,42
75067,47
75067,48
75068,40
75068,42
75068,46
75068,47
75068,48
75069,40
75069,42
75069,46
75069,47
75069,48
75070,40
75070,42
75070,47
75070,48
75073,40
75073,42
75073,46
75073,47
75073,48
75074,40
75074,42
75074,46
75074,47
75074,48
75075,40
75075,42
75075,46
75075,47
75075,48
75076,40
75076,42
75076,46
75076,47
75076,48
75078,40
75078,42
75078,46
75078,47
75078,48
75079,40
75079,42
75079,46
75079,47
75079,48
75080,40
75080,42
75080,46
75080,47
75080,48
75081,40
75081,42
75081,46
75081,47
75081,48
75082,40
75082,42
75082,47
75082,48
75083,40
75083,42
75083,46
75083,47
75083,48
75085,40
75085,42
75085,46
75085,47
75085,48
75086,40
75086,42
75086,46
75086,47
75086,48
75087,40
75087,42
75087,46
75087,47
75087,48
75089,40
75089,42
75089,46
75089,47
75089,48
75090,40
75090,42
75090,46
75090,47
75090,48
75094,40
75094,42
75094,46
75094,47
75094,48
75095,40
75095,42
75095,46
75095,47
75095,48
75097,40
75097,42
75097,46
75097,47
75097,48
75098,40
75098,42
75098,46
75098,47
75098,48
75100,40
75100,42
75100,46
75100,47
75100,48
75101,40
75101,42
75101,46
75101,47
75101,48
75102,40
75102,42
75102,46
75102,47
75102,48
75103,40
75103,42
75103,46
75103,47
75103,48
75104,40
75104,42
75104,46
75104,47
75104,48
75105,40
75105,42
75105,46
75105,47
75105,48
75106,40
75106,42
75106,46
75106,47
75106,48
75109,40
75109,42
75109,46
75109,47
75109,48
75110,40
75110,42
75110,46
75110,47
75110,48
75111,40
75111,42
75111,46
75111,47
75111,48
75112,40
75112,42
75112,46
75112,47
75112,48
75113,40
75113,42
75113,46
75113,47
75113,48
75114,40
75114,42
75114,46
75114,47
75114,48
75117,40
75117,42
75117,46
75117,47
75117,48
75118,40
75118,42
75118,46
75118,47
75118,48
75119,40
75119,42
75119,46
75119,47
75119,48
75121,40
75121,42
75121,46
75121,47
75121,48
75123,40
75123,42
75123,46
75123,47
75123,48
75126,40
75126,42
75126,46
75126,47
75126,48
75128,40
75128,42
75128,46
75128,47
75128,48
75129,40
75129,42
75129,46
75129,47
75129,48
75131,40
75131,42
75131,46
75131,47
75131,48
75132,40
75132,42
75132,46
75132,47
75132,48
75133,40
75133,42
75133,46
75133,47
75133,48
75134,40
75134,42
75134,46
75134,47
75134,48
75136,40
75136,42
75136,46
75136,47
75136,48
75137,40
75137,42
75137,47
75139,40
75139,42
75139,46
75139,47
75139,48
75142,40
75142,42
75142,46
75142,47
75142,48
75143,40
75143,42
75143,46
75143,47
75143,48
75144,40
75144,42
75144,46
75144,47
75144,48
75145,40
75145,42
75145,46
75145,47
75145,48
75146,40
75146,42
75146,46
75146,47
75146,48
75148,40
75148,42
75148,46
75148,47
75148,48
75149,40
75149,42
75149,46
75149,47
75149,48
75150,40
75150,42
75150,46
75150,47
75150,48
75151,40
75151,42
75151,46
75151,47
75151,48
75153,40
75153,42
75153,46
75153,47
75153,48
75154,40
75154,42
75154,46
75154,47
75155,40
75155,42
75155,46
75155,47
75155,48
75156,40
75156,42
75156,46
75156,47
75156,48
75157,40
75157,42
75157,46
75157,47
75157,48
75158,40
75158,42
75158,46
75158,47
75158,48
75159,40
75159,42
75159,46
75159,47
75159,48
75160,40
75160,42
